,stream_index,source_ip,dest_ip,pkt_count,tcp_src_port,tcp_dest_port,tls_version,tls_max_client_tls_version,tls_server_name,tls_cipher_suites_length,tls_is_heartbeat_present,tls_is_record_limit_extension_present,tls_supported_group_length,tls_key_share_length,tls_selected_group,tls_handshake_ciphersuite,tls_key_share_group,tls_ec_points_format_length,tls_sig_hash_alg_length,tls_cert_length,tls_cert_size,tls_cert_begin,tls_cert_end,tls_handshake_extensions_length,tls_ja3_hash,TOR
2,2,192.168.64.11,45.142.176.96,39,53950,9000,0x0303,0x303,www.uvdo4.com,14.0,True,False,13.0,,,0xc030,,3.0,15.0,1.0,582.0,2022-06-16 00:00:00 (UTC),2022-11-11 00:00:00 (UTC),13.0,83d60721ecc423892660e275acc4dffd,1
3,3,192.168.64.11,172.241.227.151,25,41448,443,0x0303,0x303,www.if4zrcvz65ebumfjio.com,14.0,True,False,13.0,,,0xc030,,3.0,15.0,1.0,576.0,2022-06-12 00:00:00 (UTC),2022-11-15 23:59:59 (UTC),13.0,83d60721ecc423892660e275acc4dffd,1
4,4,192.168.64.11,195.90.201.93,25,40130,9100,0x0303,0x303,www.4dgflfe.com,14.0,True,False,13.0,,,0xc030,,3.0,15.0,1.0,579.0,2022-07-02 00:00:00 (UTC),2022-07-08 00:00:00 (UTC),13.0,83d60721ecc423892660e275acc4dffd,1
5,5,192.168.64.11,172.241.227.151,13,41378,443,0x0303,0x303,www.qqod5zpsq7ksv.com,14.0,True,False,13.0,,,0xc030,,3.0,15.0,1.0,576.0,2022-06-12 00:00:00 (UTC),2022-11-15 23:59:59 (UTC),13.0,83d60721ecc423892660e275acc4dffd,1
6,6,192.168.64.11,45.142.176.96,31,53894,9000,0x0303,0x303,www.o6ohdn2n7qqzkxst5g.com,14.0,True,False,13.0,,,0xc030,,3.0,15.0,1.0,582.0,2022-06-16 00:00:00 (UTC),2022-11-11 00:00:00 (UTC),13.0,83d60721ecc423892660e275acc4dffd,1
7,7,192.168.64.11,172.241.227.151,13,41390,443,0x0303,0x303,www.vunlpqnz6y.com,14.0,True,False,13.0,,,0xc030,,3.0,15.0,1.0,576.0,2022-06-12 00:00:00 (UTC),2022-11-15 23:59:59 (UTC),13.0,83d60721ecc423892660e275acc4dffd,1
8,8,192.168.64.11,195.90.201.93,44,40258,9100,0x0303,0x303,www.v3sczul4rjs76oecgevi.com,14.0,True,False,13.0,,,0xc030,,3.0,15.0,1.0,579.0,2022-07-02 00:00:00 (UTC),2022-07-08 00:00:00 (UTC),13.0,83d60721ecc423892660e275acc4dffd,1
9,9,192.168.64.11,45.142.176.96,19,54018,9000,0x0303,0x303,www.mdmrplzuflp4ghnknnucjg.com,14.0,True,False,13.0,,,0xc030,,3.0,15.0,1.0,582.0,2022-06-16 00:00:00 (UTC),2022-11-11 00:00:00 (UTC),13.0,83d60721ecc423892660e275acc4dffd,1
10,10,192.168.64.11,172.241.227.151,21,41488,443,0x0303,0x303,www.gq3gq5n5nl.com,14.0,True,False,13.0,,,0xc030,,3.0,15.0,1.0,576.0,2022-06-12 00:00:00 (UTC),2022-11-15 23:59:59 (UTC),13.0,83d60721ecc423892660e275acc4dffd,1
11,11,192.168.64.11,195.90.201.93,25,40244,9100,0x0303,0x303,www.tes5g23jo37bh.com,14.0,True,False,13.0,,,0xc030,,3.0,15.0,1.0,579.0,2022-07-02 00:00:00 (UTC),2022-07-08 00:00:00 (UTC),13.0,83d60721ecc423892660e275acc4dffd,1
12,12,192.168.64.11,45.142.176.96,13,54006,9000,0x0303,0x303,www.c3kj.com,14.0,True,False,13.0,,,0xc030,,3.0,15.0,1.0,582.0,2022-06-16 00:00:00 (UTC),2022-11-11 00:00:00 (UTC),13.0,83d60721ecc423892660e275acc4dffd,1
13,13,192.168.64.11,81.179.123.62,37,37772,9001,0x0303,0x303,www.d5arkqeylwjqtnfsywbyi5.com,14.0,True,False,13.0,,,0xc030,,3.0,15.0,1.0,586.0,2022-01-25 00:00:00 (UTC),2023-01-15 23:59:59 (UTC),13.0,83d60721ecc423892660e275acc4dffd,1
14,14,192.168.64.11,104.217.250.206,18,56672,443,0x0303,0x303,www.7oq6sfhxsftxcbw3ziniy.com,14.0,True,False,13.0,,,0xc030,,3.0,15.0,1.0,585.0,2021-10-02 00:00:00 (UTC),2022-09-23 23:59:59 (UTC),13.0,83d60721ecc423892660e275acc4dffd,1
15,15,192.168.64.11,185.239.222.248,13,41596,443,0x0303,0x303,www.ufvmyh7t6h6ycikwe.com,14.0,True,False,13.0,,,0xc030,,3.0,15.0,1.0,592.0,2022-02-08 00:00:00 (UTC),2022-08-15 00:00:00 (UTC),13.0,83d60721ecc423892660e275acc4dffd,1
16,16,192.168.64.11,45.142.176.96,30,53964,9000,0x0303,0x303,www.kqpdeznbrn4j.com,14.0,True,False,13.0,,,0xc030,,3.0,15.0,1.0,582.0,2022-06-16 00:00:00 (UTC),2022-11-11 00:00:00 (UTC),13.0,83d60721ecc423892660e275acc4dffd,1
17,17,192.168.64.11,172.241.227.151,14,41458,443,0x0303,0x303,www.6sufksq6tqc2.com,14.0,True,False,13.0,,,0xc030,,3.0,15.0,1.0,576.0,2022-06-12 00:00:00 (UTC),2022-11-15 23:59:59 (UTC),13.0,83d60721ecc423892660e275acc4dffd,1
18,18,192.168.64.11,195.90.201.93,25,40220,9100,0x0303,0x303,www.tun6fzbw6hekmkqhz5ya7.com,14.0,True,False,13.0,,,0xc030,,3.0,15.0,1.0,579.0,2022-07-02 00:00:00 (UTC),2022-07-08 00:00:00 (UTC),13.0,83d60721ecc423892660e275acc4dffd,1
19,19,192.168.64.11,45.142.176.96,45,53920,9000,0x0303,0x303,www.tpsq22ignb7nelni5u6ype.com,14.0,True,False,13.0,,,0xc030,,3.0,15.0,1.0,582.0,2022-06-16 00:00:00 (UTC),2022-11-11 00:00:00 (UTC),13.0,83d60721ecc423892660e275acc4dffd,1
20,20,192.168.64.11,172.241.227.151,14,41418,443,0x0303,0x303,www.5afiid6fis.com,14.0,True,False,13.0,,,0xc030,,3.0,15.0,1.0,576.0,2022-06-12 00:00:00 (UTC),2022-11-15 23:59:59 (UTC),13.0,83d60721ecc423892660e275acc4dffd,1
21,21,192.168.64.11,195.90.201.93,13,40176,9100,0x0303,0x303,www.qe4h4hvfmbmc2f.com,14.0,True,False,13.0,,,0xc030,,3.0,15.0,1.0,579.0,2022-07-02 00:00:00 (UTC),2022-07-08 00:00:00 (UTC),13.0,83d60721ecc423892660e275acc4dffd,1
22,22,192.168.64.11,81.179.123.62,40,37788,9001,0x0303,0x303,www.rgdecvoqlpwj7b3wt.com,14.0,True,False,13.0,,,0xc030,,3.0,15.0,1.0,586.0,2022-01-25 00:00:00 (UTC),2023-01-15 23:59:59 (UTC),13.0,83d60721ecc423892660e275acc4dffd,1
23,23,192.168.64.11,104.217.250.206,13,56690,443,0x0303,0x303,www.jhczvvouqru64nv4ras2dije.com,14.0,True,False,13.0,,,0xc030,,3.0,15.0,1.0,585.0,2021-10-02 00:00:00 (UTC),2022-09-23 23:59:59 (UTC),13.0,83d60721ecc423892660e275acc4dffd,1
24,24,192.168.64.11,185.239.222.248,19,41612,443,0x0303,0x303,www.qazcnjaefjbj2doib.com,14.0,True,False,13.0,,,0xc030,,3.0,15.0,1.0,592.0,2022-02-08 00:00:00 (UTC),2022-08-15 00:00:00 (UTC),13.0,83d60721ecc423892660e275acc4dffd,1
25,25,192.168.64.11,45.142.176.96,27,53980,9000,0x0303,0x303,www.crcjqxooul4sifvm433xia.com,14.0,True,False,13.0,,,0xc030,,3.0,15.0,1.0,582.0,2022-06-16 00:00:00 (UTC),2022-11-11 00:00:00 (UTC),13.0,83d60721ecc423892660e275acc4dffd,1
26,26,192.168.64.11,195.90.201.93,20,40232,9100,0x0303,0x303,www.7cgi7xfu6bbd7jnm.com,14.0,True,False,13.0,,,0xc030,,3.0,15.0,1.0,579.0,2022-07-02 00:00:00 (UTC),2022-07-08 00:00:00 (UTC),13.0,83d60721ecc423892660e275acc4dffd,1
27,27,192.168.64.11,172.241.227.151,25,41482,443,0x0303,0x303,www.bjkt25euuukpmlvdbcl2c7.com,14.0,True,False,13.0,,,0xc030,,3.0,15.0,1.0,576.0,2022-06-12 00:00:00 (UTC),2022-11-15 23:59:59 (UTC),13.0,83d60721ecc423892660e275acc4dffd,1
28,28,192.168.64.11,185.239.222.248,39,41634,443,0x0303,0x303,www.qyehsog6pils7cioatm.com,14.0,True,False,13.0,,,0xc030,,3.0,15.0,1.0,592.0,2022-02-08 00:00:00 (UTC),2022-08-15 00:00:00 (UTC),13.0,83d60721ecc423892660e275acc4dffd,1
29,29,192.168.64.11,81.179.123.62,13,37828,9001,0x0303,0x303,www.xiefl4qhaih3me.com,14.0,True,False,13.0,,,0xc030,,3.0,15.0,1.0,586.0,2022-01-25 00:00:00 (UTC),2023-01-15 23:59:59 (UTC),13.0,83d60721ecc423892660e275acc4dffd,1
30,30,192.168.64.11,104.217.250.206,18,56724,443,0x0303,0x303,www.qyyg.com,14.0,True,False,13.0,,,0xc030,,3.0,15.0,1.0,585.0,2021-10-02 00:00:00 (UTC),2022-09-23 23:59:59 (UTC),13.0,83d60721ecc423892660e275acc4dffd,1
31,31,192.168.64.11,185.125.188.60,17,54800,443,0x0304,0x304,api.snapcraft.io,19.0,False,False,4.0,1.0,29.0,0x1302,29.0,1.0,12.0,,,,,46.0,df669e7ea913f1ac0c0cce9a201a2ec1,1
32,32,192.168.64.11,172.241.227.151,36,41534,443,0x0303,0x303,www.s7ytrhakpujmwmleb7aen.com,14.0,True,False,13.0,,,0xc030,,3.0,15.0,1.0,576.0,2022-06-12 00:00:00 (UTC),2022-11-15 23:59:59 (UTC),13.0,83d60721ecc423892660e275acc4dffd,1
33,33,192.168.64.11,45.142.176.96,20,54048,9000,0x0303,0x303,www.h5bbapwc64wxzkb.com,14.0,True,False,13.0,,,0xc030,,3.0,15.0,1.0,582.0,2022-06-16 00:00:00 (UTC),2022-11-11 00:00:00 (UTC),13.0,83d60721ecc423892660e275acc4dffd,1
34,34,192.168.64.11,195.90.201.93,13,40298,9100,0x0303,0x303,www.ydc46bvl7net2o3imwk.com,14.0,True,False,13.0,,,0xc030,,3.0,15.0,1.0,579.0,2022-07-02 00:00:00 (UTC),2022-07-08 00:00:00 (UTC),13.0,83d60721ecc423892660e275acc4dffd,1
35,35,192.168.64.11,195.90.201.93,48,40182,9100,0x0303,0x303,www.opxh7dxdg76vcl7.com,14.0,True,False,13.0,,,0xc030,,3.0,15.0,1.0,579.0,2022-07-02 00:00:00 (UTC),2022-07-08 00:00:00 (UTC),13.0,83d60721ecc423892660e275acc4dffd,1
36,36,192.168.64.11,45.142.176.96,13,53944,9000,0x0303,0x303,www.nrp2yptlgka2wmc.com,14.0,True,False,13.0,,,0xc030,,3.0,15.0,1.0,582.0,2022-06-16 00:00:00 (UTC),2022-11-11 00:00:00 (UTC),13.0,83d60721ecc423892660e275acc4dffd,1
38,38,192.168.64.11,81.179.123.62,38,37692,9001,0x0303,0x303,www.tnralpi.com,14.0,True,False,13.0,,,0xc030,,3.0,15.0,1.0,586.0,2022-01-25 00:00:00 (UTC),2023-01-15 23:59:59 (UTC),13.0,83d60721ecc423892660e275acc4dffd,1
39,39,192.168.64.11,104.217.250.206,19,56588,443,0x0303,0x303,www.q6bvqm4tafxmkkmzxiz4jh.com,14.0,True,False,13.0,,,0xc030,,3.0,15.0,1.0,585.0,2021-10-02 00:00:00 (UTC),2022-09-23 23:59:59 (UTC),13.0,83d60721ecc423892660e275acc4dffd,1
40,40,192.168.64.11,185.239.222.248,14,41516,443,0x0303,0x303,www.745pgsyi.com,14.0,True,False,13.0,,,0xc030,,3.0,15.0,1.0,592.0,2022-02-08 00:00:00 (UTC),2022-08-15 00:00:00 (UTC),13.0,83d60721ecc423892660e275acc4dffd,1
41,41,192.168.64.11,172.241.227.151,31,41518,443,0x0303,0x303,www.v7nx6e6tqvcjoe7n2guor7mx.com,14.0,True,False,13.0,,,0xc030,,3.0,15.0,1.0,576.0,2022-06-12 00:00:00 (UTC),2022-11-15 23:59:59 (UTC),13.0,83d60721ecc423892660e275acc4dffd,1
42,42,192.168.64.11,45.142.176.96,31,54032,9000,0x0303,0x303,www.gap3gsovc2645647gvtp2hflb.com,14.0,True,False,13.0,,,0xc030,,3.0,15.0,1.0,582.0,2022-06-16 00:00:00 (UTC),2022-11-11 00:00:00 (UTC),13.0,83d60721ecc423892660e275acc4dffd,1
43,43,192.168.64.11,185.239.222.248,37,41522,443,0x0303,0x303,www.tsns4gjoe6mjunc.com,14.0,True,False,13.0,,,0xc030,,3.0,15.0,1.0,592.0,2022-02-08 00:00:00 (UTC),2022-08-15 00:00:00 (UTC),13.0,83d60721ecc423892660e275acc4dffd,1
44,44,192.168.64.11,81.179.123.62,19,37716,9001,0x0303,0x303,www.rrsab22kbffsipei7bnslk5h.com,14.0,True,False,13.0,,,0xc030,,3.0,15.0,1.0,586.0,2022-01-25 00:00:00 (UTC),2023-01-15 23:59:59 (UTC),13.0,83d60721ecc423892660e275acc4dffd,1
45,45,192.168.64.11,104.217.250.206,13,56612,443,0x0303,0x303,www.g46oq.com,14.0,True,False,13.0,,,0xc030,,3.0,15.0,1.0,585.0,2021-10-02 00:00:00 (UTC),2022-09-23 23:59:59 (UTC),13.0,83d60721ecc423892660e275acc4dffd,1
46,46,192.168.64.11,45.142.176.96,32,54058,9000,0x0303,0x303,www.zkrtsvb4dnwwf.com,14.0,True,False,13.0,,,0xc030,,3.0,15.0,1.0,582.0,2022-06-16 00:00:00 (UTC),2022-11-11 00:00:00 (UTC),13.0,83d60721ecc423892660e275acc4dffd,1
47,47,192.168.64.11,172.241.227.151,25,41556,443,0x0303,0x303,www.lrmbtwvbe2t742lochepr7tuy.com,14.0,True,False,13.0,,,0xc030,,3.0,15.0,1.0,576.0,2022-06-12 00:00:00 (UTC),2022-11-15 23:59:59 (UTC),13.0,83d60721ecc423892660e275acc4dffd,1
48,48,192.168.64.11,195.90.201.93,13,40314,9100,0x0303,0x303,www.4yrekzudbae3oa3.com,14.0,True,False,13.0,,,0xc030,,3.0,15.0,1.0,579.0,2022-07-02 00:00:00 (UTC),2022-07-08 00:00:00 (UTC),13.0,83d60721ecc423892660e275acc4dffd,1
49,49,192.168.64.11,45.142.176.96,26,53904,9000,0x0303,0x303,www.d6e52in5vckjymtf3yhxp.com,14.0,True,False,13.0,,,0xc030,,3.0,15.0,1.0,582.0,2022-06-16 00:00:00 (UTC),2022-11-11 00:00:00 (UTC),13.0,83d60721ecc423892660e275acc4dffd,1
50,50,192.168.64.11,195.90.201.93,19,40158,9100,0x0303,0x303,www.kzx2a5m.com,14.0,True,False,13.0,,,0xc030,,3.0,15.0,1.0,579.0,2022-07-02 00:00:00 (UTC),2022-07-08 00:00:00 (UTC),13.0,83d60721ecc423892660e275acc4dffd,1
51,51,192.168.64.11,172.241.227.151,13,41406,443,0x0303,0x303,www.hyqzxbkzqf.com,14.0,True,False,13.0,,,0xc030,,3.0,15.0,1.0,576.0,2022-06-12 00:00:00 (UTC),2022-11-15 23:59:59 (UTC),13.0,83d60721ecc423892660e275acc4dffd,1
52,52,192.168.64.11,185.239.222.248,31,41538,443,0x0303,0x303,www.x222rruybdcnt6dmjoo6d.com,14.0,True,False,13.0,,,0xc030,,3.0,15.0,1.0,592.0,2022-02-08 00:00:00 (UTC),2022-08-15 00:00:00 (UTC),13.0,83d60721ecc423892660e275acc4dffd,1
53,53,192.168.64.11,104.217.250.206,19,56622,443,0x0303,0x303,www.cmvqk3wmdp3vjdwwk6b.com,14.0,True,False,13.0,,,0xc030,,3.0,15.0,1.0,585.0,2021-10-02 00:00:00 (UTC),2022-09-23 23:59:59 (UTC),13.0,83d60721ecc423892660e275acc4dffd,1
54,54,192.168.64.11,81.179.123.62,19,37734,9001,0x0303,0x303,www.s5om5tc2yq.com,14.0,True,False,13.0,,,0xc030,,3.0,15.0,1.0,586.0,2022-01-25 00:00:00 (UTC),2023-01-15 23:59:59 (UTC),13.0,83d60721ecc423892660e275acc4dffd,1
55,55,192.168.64.11,185.239.222.248,30,41570,443,0x0303,0x303,www.jqpkv.com,14.0,True,False,13.0,,,0xc030,,3.0,15.0,1.0,592.0,2022-02-08 00:00:00 (UTC),2022-08-15 00:00:00 (UTC),13.0,83d60721ecc423892660e275acc4dffd,1
56,56,192.168.64.11,81.179.123.62,29,37758,9001,0x0303,0x303,www.xbwkis56nq6abeovbymrv.com,14.0,True,False,13.0,,,0xc030,,3.0,15.0,1.0,586.0,2022-01-25 00:00:00 (UTC),2023-01-15 23:59:59 (UTC),13.0,83d60721ecc423892660e275acc4dffd,1
57,57,192.168.64.11,104.217.250.206,14,56660,443,0x0303,0x303,www.u7rernlj.com,14.0,True,False,13.0,,,0xc030,,3.0,15.0,1.0,585.0,2021-10-02 00:00:00 (UTC),2022-09-23 23:59:59 (UTC),13.0,83d60721ecc423892660e275acc4dffd,1
58,58,192.168.64.11,81.179.123.62,37,37836,9001,0x0303,0x303,www.jkvhpcq4mps3x2q.com,14.0,True,False,13.0,,,0xc030,,3.0,15.0,1.0,586.0,2022-01-25 00:00:00 (UTC),2023-01-15 23:59:59 (UTC),13.0,83d60721ecc423892660e275acc4dffd,1
59,59,192.168.64.11,185.239.222.248,13,41652,443,0x0303,0x303,www.3u6h5yfapjqhy4xd7u.com,14.0,True,False,13.0,,,0xc030,,3.0,15.0,1.0,592.0,2022-02-08 00:00:00 (UTC),2022-08-15 00:00:00 (UTC),13.0,83d60721ecc423892660e275acc4dffd,1
60,60,192.168.64.11,104.217.250.206,19,56740,443,0x0303,0x303,www.i6iubo23ydkpn6smgpegl.com,14.0,True,False,13.0,,,0xc030,,3.0,15.0,1.0,585.0,2021-10-02 00:00:00 (UTC),2022-09-23 23:59:59 (UTC),13.0,83d60721ecc423892660e275acc4dffd,1
61,61,192.168.64.11,185.239.222.248,38,41618,443,0x0303,0x303,www.6nead3xicd46oyg3eh4.com,14.0,True,False,13.0,,,0xc030,,3.0,15.0,1.0,592.0,2022-02-08 00:00:00 (UTC),2022-08-15 00:00:00 (UTC),13.0,83d60721ecc423892660e275acc4dffd,1
62,62,192.168.64.11,104.217.250.206,19,56704,443,0x0303,0x303,www.ourpncu2uia6jxei4.com,14.0,True,False,13.0,,,0xc030,,3.0,15.0,1.0,585.0,2021-10-02 00:00:00 (UTC),2022-09-23 23:59:59 (UTC),13.0,83d60721ecc423892660e275acc4dffd,1
63,63,192.168.64.11,81.179.123.62,13,37814,9001,0x0303,0x303,www.puwjbnbt2wwwaa.com,14.0,True,False,13.0,,,0xc030,,3.0,15.0,1.0,586.0,2022-01-25 00:00:00 (UTC),2023-01-15 23:59:59 (UTC),13.0,83d60721ecc423892660e275acc4dffd,1
64,64,192.168.64.11,185.239.222.248,37,41554,443,0x0303,0x303,www.pgva7hlo4dcnddog.com,14.0,True,False,13.0,,,0xc030,,3.0,15.0,1.0,592.0,2022-02-08 00:00:00 (UTC),2022-08-15 00:00:00 (UTC),13.0,83d60721ecc423892660e275acc4dffd,1
65,65,192.168.64.11,81.179.123.62,20,37742,9001,0x0303,0x303,www.zdtndfrayg7qq.com,14.0,True,False,13.0,,,0xc030,,3.0,15.0,1.0,586.0,2022-01-25 00:00:00 (UTC),2023-01-15 23:59:59 (UTC),13.0,83d60721ecc423892660e275acc4dffd,1
66,66,192.168.64.11,104.217.250.206,13,56644,443,0x0303,0x303,www.kg7hrx.com,14.0,True,False,13.0,,,0xc030,,3.0,15.0,1.0,585.0,2021-10-02 00:00:00 (UTC),2022-09-23 23:59:59 (UTC),13.0,83d60721ecc423892660e275acc4dffd,1
68,67,192.168.64.11,23.250.14.98,42,44690,443,0x0303,0x303,www.4aqwx4z3mek5p6pxewztq.com,14.0,True,False,13.0,,,0xc030,,3.0,15.0,1.0,573.0,2022-06-26 00:00:00 (UTC),2022-07-21 23:59:59 (UTC),13.0,83d60721ecc423892660e275acc4dffd,1
69,69,192.168.64.11,85.195.208.19,13,53842,9001,0x0303,0x303,www.bkpqzakgnii2.com,14.0,True,False,13.0,,,0xc030,,3.0,15.0,1.0,591.0,2022-05-30 00:00:00 (UTC),2023-04-14 00:00:00 (UTC),13.0,83d60721ecc423892660e275acc4dffd,1
70,70,192.168.64.11,158.69.207.216,13,48146,9001,0x0303,0x303,www.nunwic.com,14.0,True,False,13.0,,,0xc030,,3.0,15.0,1.0,579.0,2022-03-14 00:00:00 (UTC),2022-12-07 23:59:59 (UTC),13.0,83d60721ecc423892660e275acc4dffd,1
72,74,192.168.64.11,51.15.78.0,37,52844,9001,0x0303,0x303,www.xgk5sujr7dek26nu.com,14.0,True,False,13.0,,,0xc030,,3.0,15.0,1.0,594.0,2022-06-29 00:00:00 (UTC),2022-07-26 23:59:59 (UTC),13.0,83d60721ecc423892660e275acc4dffd,1
73,75,192.168.64.11,85.195.208.19,63,53588,9001,0x0303,0x303,www.jfodxu23mz7k6.com,14.0,True,False,13.0,,,0xc030,,3.0,15.0,1.0,591.0,2022-05-30 00:00:00 (UTC),2023-04-14 00:00:00 (UTC),13.0,83d60721ecc423892660e275acc4dffd,1
74,76,192.168.64.11,158.69.207.216,19,47894,9001,0x0303,0x303,www.2jf3om.com,14.0,True,False,13.0,,,0xc030,,3.0,15.0,1.0,579.0,2022-03-14 00:00:00 (UTC),2022-12-07 23:59:59 (UTC),13.0,83d60721ecc423892660e275acc4dffd,1
75,77,192.168.64.11,23.250.14.98,14,44450,443,0x0303,0x303,www.cxsjstdz4jslb5qedocf.com,14.0,True,False,13.0,,,0xc030,,3.0,15.0,1.0,573.0,2022-06-26 00:00:00 (UTC),2022-07-21 23:59:59 (UTC),13.0,83d60721ecc423892660e275acc4dffd,1
76,78,192.168.64.11,158.69.207.216,18,48168,9001,0x0303,0x303,www.oa2q7nyumj3ej6v.com,14.0,True,False,13.0,,,0xc030,,3.0,15.0,1.0,579.0,2022-03-14 00:00:00 (UTC),2022-12-07 23:59:59 (UTC),13.0,83d60721ecc423892660e275acc4dffd,1
77,79,192.168.64.11,85.195.208.19,36,53874,9001,0x0303,0x303,www.lsaa6njbvecq7iop.com,14.0,True,False,13.0,,,0xc030,,3.0,15.0,1.0,591.0,2022-05-30 00:00:00 (UTC),2023-04-14 00:00:00 (UTC),13.0,83d60721ecc423892660e275acc4dffd,1
78,80,192.168.64.11,23.250.14.98,19,44726,443,0x0303,0x303,www.swup5gtq7geeq.com,14.0,True,False,13.0,,,0xc030,,3.0,15.0,1.0,573.0,2022-06-26 00:00:00 (UTC),2022-07-21 23:59:59 (UTC),13.0,83d60721ecc423892660e275acc4dffd,1
79,81,192.168.64.11,158.69.207.216,24,47964,9001,0x0303,0x303,www.ojeldmpwv5ikgi3f7cn5rf.com,14.0,True,False,13.0,,,0xc030,,3.0,15.0,1.0,579.0,2022-03-14 00:00:00 (UTC),2022-12-07 23:59:59 (UTC),13.0,83d60721ecc423892660e275acc4dffd,1
80,82,192.168.64.11,23.250.14.98,19,44520,443,0x0303,0x303,www.4pho5mteryyfstqkm.com,14.0,True,False,13.0,,,0xc030,,3.0,15.0,1.0,573.0,2022-06-26 00:00:00 (UTC),2022-07-21 23:59:59 (UTC),13.0,83d60721ecc423892660e275acc4dffd,1
81,83,192.168.64.11,185.125.188.54,16,50864,443,0x0304,0x304,api.snapcraft.io,19.0,False,False,4.0,1.0,29.0,0x1302,29.0,1.0,12.0,,,,,46.0,df669e7ea913f1ac0c0cce9a201a2ec1,1
82,84,192.168.64.11,85.195.208.19,25,53674,9001,0x0303,0x303,www.bzvxkwwxl5bdmkrs2jnipaaf.com,14.0,True,False,13.0,,,0xc030,,3.0,15.0,1.0,591.0,2022-05-30 00:00:00 (UTC),2023-04-14 00:00:00 (UTC),13.0,83d60721ecc423892660e275acc4dffd,1
83,85,192.168.64.11,85.195.208.19,20,53968,9001,0x0303,0x303,www.nbhsg4mhfvw2qefmlkz.com,14.0,True,False,13.0,,,0xc030,,3.0,15.0,1.0,591.0,2022-05-30 00:00:00 (UTC),2023-04-14 00:00:00 (UTC),13.0,83d60721ecc423892660e275acc4dffd,1
84,86,192.168.64.11,158.69.207.216,36,48266,9001,0x0303,0x303,www.6ifxuzoaskjgnkzsxti5ftooi.com,14.0,True,False,13.0,,,0xc030,,3.0,15.0,1.0,579.0,2022-03-14 00:00:00 (UTC),2022-12-07 23:59:59 (UTC),13.0,83d60721ecc423892660e275acc4dffd,1
85,87,192.168.64.11,23.250.14.98,23,44828,443,0x0303,0x303,www.5uej.com,14.0,True,False,13.0,,,0xc030,,3.0,15.0,1.0,573.0,2022-06-26 00:00:00 (UTC),2022-07-21 23:59:59 (UTC),13.0,83d60721ecc423892660e275acc4dffd,1
86,88,192.168.64.11,85.195.208.19,37,53936,9001,0x0303,0x303,www.cqa2z55iofjusm3mjxjd64.com,14.0,True,False,13.0,,,0xc030,,3.0,15.0,1.0,591.0,2022-05-30 00:00:00 (UTC),2023-04-14 00:00:00 (UTC),13.0,83d60721ecc423892660e275acc4dffd,1
87,89,192.168.64.11,158.69.207.216,20,48240,9001,0x0303,0x303,www.g6bwybbcyuvcj.com,14.0,True,False,13.0,,,0xc030,,3.0,15.0,1.0,579.0,2022-03-14 00:00:00 (UTC),2022-12-07 23:59:59 (UTC),13.0,83d60721ecc423892660e275acc4dffd,1
88,90,192.168.64.11,23.250.14.98,13,44796,443,0x0303,0x303,www.62dgndrzz.com,14.0,True,False,13.0,,,0xc030,,3.0,15.0,1.0,573.0,2022-06-26 00:00:00 (UTC),2022-07-21 23:59:59 (UTC),13.0,83d60721ecc423892660e275acc4dffd,1
89,92,192.168.64.11,85.195.208.19,38,53606,9001,0x0303,0x303,www.74zpo.com,14.0,True,False,13.0,,,0xc030,,3.0,15.0,1.0,591.0,2022-05-30 00:00:00 (UTC),2023-04-14 00:00:00 (UTC),13.0,83d60721ecc423892660e275acc4dffd,1
90,91,192.168.64.11,23.250.14.98,39,44454,443,0x0303,0x303,www.gvm5pt6mvqz2.com,14.0,True,False,13.0,,,0xc030,,3.0,15.0,1.0,573.0,2022-06-26 00:00:00 (UTC),2022-07-21 23:59:59 (UTC),13.0,83d60721ecc423892660e275acc4dffd,1
91,93,192.168.64.11,158.69.207.216,25,47906,9001,0x0303,0x303,www.zi5256noc7sfibkrz7znt.com,14.0,True,False,13.0,,,0xc030,,3.0,15.0,1.0,579.0,2022-03-14 00:00:00 (UTC),2022-12-07 23:59:59 (UTC),13.0,83d60721ecc423892660e275acc4dffd,1
92,94,192.168.64.11,85.195.208.19,25,53778,9001,0x0303,0x303,www.vis45mz2dsfh24wnlpoat.com,14.0,True,False,13.0,,,0xc030,,3.0,15.0,1.0,591.0,2022-05-30 00:00:00 (UTC),2023-04-14 00:00:00 (UTC),13.0,83d60721ecc423892660e275acc4dffd,1
93,95,192.168.64.11,158.69.207.216,25,48076,9001,0x0303,0x303,www.74i3biwz5dhu7vzb3m77.com,14.0,True,False,13.0,,,0xc030,,3.0,15.0,1.0,579.0,2022-03-14 00:00:00 (UTC),2022-12-07 23:59:59 (UTC),13.0,83d60721ecc423892660e275acc4dffd,1
94,96,192.168.64.11,23.250.14.98,20,44638,443,0x0303,0x303,www.vv3l5e6ns5lor5d55j67hbm.com,14.0,True,False,13.0,,,0xc030,,3.0,15.0,1.0,573.0,2022-06-26 00:00:00 (UTC),2022-07-21 23:59:59 (UTC),13.0,83d60721ecc423892660e275acc4dffd,1
95,97,192.168.64.11,23.250.14.98,37,44802,443,0x0303,0x303,www.n2x4uzvptm4z3dfkacjtiixc.com,14.0,True,False,13.0,,,0xc030,,3.0,15.0,1.0,573.0,2022-06-26 00:00:00 (UTC),2022-07-21 23:59:59 (UTC),13.0,83d60721ecc423892660e275acc4dffd,1
96,98,192.168.64.11,85.195.208.19,19,53960,9001,0x0303,0x303,www.g47zvlkx33u.com,14.0,True,False,13.0,,,0xc030,,3.0,15.0,1.0,591.0,2022-05-30 00:00:00 (UTC),2023-04-14 00:00:00 (UTC),13.0,83d60721ecc423892660e275acc4dffd,1
97,99,192.168.64.11,158.69.207.216,13,48258,9001,0x0303,0x303,www.7wuxh46nzp5ofnmfp.com,14.0,True,False,13.0,,,0xc030,,3.0,15.0,1.0,579.0,2022-03-14 00:00:00 (UTC),2022-12-07 23:59:59 (UTC),13.0,83d60721ecc423892660e275acc4dffd,1
98,100,192.168.64.11,85.195.208.19,34,53904,9001,0x0303,0x303,www.5jsdh2qurvbvc3knkjaekmlue.com,14.0,True,False,13.0,,,0xc030,,3.0,15.0,1.0,591.0,2022-05-30 00:00:00 (UTC),2023-04-14 00:00:00 (UTC),13.0,83d60721ecc423892660e275acc4dffd,1
99,101,192.168.64.11,158.69.207.216,30,48208,9001,0x0303,0x303,www.ve2d7pp5se5w6nojhwi.com,14.0,True,False,13.0,,,0xc030,,3.0,15.0,1.0,579.0,2022-03-14 00:00:00 (UTC),2022-12-07 23:59:59 (UTC),13.0,83d60721ecc423892660e275acc4dffd,1
100,102,192.168.64.11,23.250.14.98,14,44764,443,0x0303,0x303,www.eni4p.com,14.0,True,False,13.0,,,0xc030,,3.0,15.0,1.0,573.0,2022-06-26 00:00:00 (UTC),2022-07-21 23:59:59 (UTC),13.0,83d60721ecc423892660e275acc4dffd,1
101,103,192.168.64.11,23.250.14.98,36,44536,443,0x0303,0x303,www.ihpif4pf.com,14.0,True,False,13.0,,,0xc030,,3.0,15.0,1.0,573.0,2022-06-26 00:00:00 (UTC),2022-07-21 23:59:59 (UTC),13.0,83d60721ecc423892660e275acc4dffd,1
102,104,192.168.64.11,158.69.207.216,25,47984,9001,0x0303,0x303,www.ci23upnouqx53j76xg.com,14.0,True,False,13.0,,,0xc030,,3.0,15.0,1.0,579.0,2022-03-14 00:00:00 (UTC),2022-12-07 23:59:59 (UTC),13.0,83d60721ecc423892660e275acc4dffd,1
103,105,192.168.64.11,85.195.208.19,32,53856,9001,0x0303,0x303,www.7jgoqe4whrg5rmpzxkbm.com,14.0,True,False,13.0,,,0xc030,,3.0,15.0,1.0,591.0,2022-05-30 00:00:00 (UTC),2023-04-14 00:00:00 (UTC),13.0,83d60721ecc423892660e275acc4dffd,1
104,106,192.168.64.11,158.69.207.216,25,48160,9001,0x0303,0x303,www.xero4pcttdgnz2z5.com,14.0,True,False,13.0,,,0xc030,,3.0,15.0,1.0,579.0,2022-03-14 00:00:00 (UTC),2022-12-07 23:59:59 (UTC),13.0,83d60721ecc423892660e275acc4dffd,1
105,107,192.168.64.11,23.250.14.98,13,44716,443,0x0303,0x303,www.2jg2hk3cae4gns.com,14.0,True,False,13.0,,,0xc030,,3.0,15.0,1.0,573.0,2022-06-26 00:00:00 (UTC),2022-07-21 23:59:59 (UTC),13.0,83d60721ecc423892660e275acc4dffd,1
106,108,192.168.64.11,158.69.207.216,36,48060,9001,0x0303,0x303,www.4l5iw4l7vf6xi3bquhdu6esr.com,14.0,True,False,13.0,,,0xc030,,3.0,15.0,1.0,579.0,2022-03-14 00:00:00 (UTC),2022-12-07 23:59:59 (UTC),13.0,83d60721ecc423892660e275acc4dffd,1
107,109,192.168.64.11,85.195.208.19,25,53766,9001,0x0303,0x303,www.vye4sec7iing3xrkh6h.com,14.0,True,False,13.0,,,0xc030,,3.0,15.0,1.0,591.0,2022-05-30 00:00:00 (UTC),2023-04-14 00:00:00 (UTC),13.0,83d60721ecc423892660e275acc4dffd,1
108,110,192.168.64.11,23.250.14.98,32,44598,443,0x0303,0x303,www.5lmkudpcit3rdqjlypfw.com,14.0,True,False,13.0,,,0xc030,,3.0,15.0,1.0,573.0,2022-06-26 00:00:00 (UTC),2022-07-21 23:59:59 (UTC),13.0,83d60721ecc423892660e275acc4dffd,1
109,111,192.168.64.11,85.195.208.19,13,53756,9001,0x0303,0x303,www.lkcptcgoget35wdzeb.com,14.0,True,False,13.0,,,0xc030,,3.0,15.0,1.0,591.0,2022-05-30 00:00:00 (UTC),2023-04-14 00:00:00 (UTC),13.0,83d60721ecc423892660e275acc4dffd,1
110,112,192.168.64.11,158.69.207.216,31,48054,9001,0x0303,0x303,www.vidv5o.com,14.0,True,False,13.0,,,0xc030,,3.0,15.0,1.0,579.0,2022-03-14 00:00:00 (UTC),2022-12-07 23:59:59 (UTC),13.0,83d60721ecc423892660e275acc4dffd,1
111,113,192.168.64.11,85.195.208.19,39,53654,9001,0x0303,0x303,www.43oaxrxsiao3g26fiqo.com,14.0,True,False,13.0,,,0xc030,,3.0,15.0,1.0,591.0,2022-05-30 00:00:00 (UTC),2023-04-14 00:00:00 (UTC),13.0,83d60721ecc423892660e275acc4dffd,1
112,114,192.168.64.11,158.69.207.216,26,47952,9001,0x0303,0x303,www.y2tx7krzb.com,14.0,True,False,13.0,,,0xc030,,3.0,15.0,1.0,579.0,2022-03-14 00:00:00 (UTC),2022-12-07 23:59:59 (UTC),13.0,83d60721ecc423892660e275acc4dffd,1
113,115,192.168.64.11,23.250.14.98,38,44848,443,0x0303,0x303,www.ncymqfeemp.com,14.0,True,False,13.0,,,0xc030,,3.0,15.0,1.0,573.0,2022-06-26 00:00:00 (UTC),2022-07-21 23:59:59 (UTC),13.0,83d60721ecc423892660e275acc4dffd,1
114,116,192.168.64.11,85.195.208.19,19,54006,9001,0x0303,0x303,www.zvwizo7.com,14.0,True,False,13.0,,,0xc030,,3.0,15.0,1.0,591.0,2022-05-30 00:00:00 (UTC),2023-04-14 00:00:00 (UTC),13.0,83d60721ecc423892660e275acc4dffd,1
115,117,192.168.64.11,158.69.207.216,13,48304,9001,0x0303,0x303,www.mh32iv3bl.com,14.0,True,False,13.0,,,0xc030,,3.0,15.0,1.0,579.0,2022-03-14 00:00:00 (UTC),2022-12-07 23:59:59 (UTC),13.0,83d60721ecc423892660e275acc4dffd,1
116,118,192.168.64.11,85.195.208.19,32,53700,9001,0x0303,0x303,www.lfkn5tns7lv.com,14.0,True,False,13.0,,,0xc030,,3.0,15.0,1.0,591.0,2022-05-30 00:00:00 (UTC),2023-04-14 00:00:00 (UTC),13.0,83d60721ecc423892660e275acc4dffd,1
117,119,192.168.64.11,23.250.14.98,14,44552,443,0x0303,0x303,www.v3defcud3xzpjdbmienjvnu5c.com,14.0,True,False,13.0,,,0xc030,,3.0,15.0,1.0,573.0,2022-06-26 00:00:00 (UTC),2022-07-21 23:59:59 (UTC),13.0,83d60721ecc423892660e275acc4dffd,1
118,120,192.168.64.11,158.69.207.216,25,48006,9001,0x0303,0x303,www.kkgssuop2a6kua4fh74ls7os.com,14.0,True,False,13.0,,,0xc030,,3.0,15.0,1.0,579.0,2022-03-14 00:00:00 (UTC),2022-12-07 23:59:59 (UTC),13.0,83d60721ecc423892660e275acc4dffd,1
119,121,192.168.64.11,23.250.14.98,39,44566,443,0x0303,0x303,www.od6q6j3sygtafaednye.com,14.0,True,False,13.0,,,0xc030,,3.0,15.0,1.0,573.0,2022-06-26 00:00:00 (UTC),2022-07-21 23:59:59 (UTC),13.0,83d60721ecc423892660e275acc4dffd,1
120,122,192.168.64.11,158.69.207.216,14,48020,9001,0x0303,0x303,www.oefrpzib6mne6dnggadz.com,14.0,True,False,13.0,,,0xc030,,3.0,15.0,1.0,579.0,2022-03-14 00:00:00 (UTC),2022-12-07 23:59:59 (UTC),13.0,83d60721ecc423892660e275acc4dffd,1
121,123,192.168.64.11,85.195.208.19,19,53726,9001,0x0303,0x303,www.f3h2yjdi7r6vodfcrh7.com,14.0,True,False,13.0,,,0xc030,,3.0,15.0,1.0,591.0,2022-05-30 00:00:00 (UTC),2023-04-14 00:00:00 (UTC),13.0,83d60721ecc423892660e275acc4dffd,1
122,124,192.168.64.11,85.195.208.19,31,53984,9001,0x0303,0x303,www.7sa3pzo2gircprxj5gvahuc.com,14.0,True,False,13.0,,,0xc030,,3.0,15.0,1.0,591.0,2022-05-30 00:00:00 (UTC),2023-04-14 00:00:00 (UTC),13.0,83d60721ecc423892660e275acc4dffd,1
123,125,192.168.64.11,23.250.14.98,31,44836,443,0x0303,0x303,www.245xvetgvy2edqt.com,14.0,True,False,13.0,,,0xc030,,3.0,15.0,1.0,573.0,2022-06-26 00:00:00 (UTC),2022-07-21 23:59:59 (UTC),13.0,83d60721ecc423892660e275acc4dffd,1
124,126,192.168.64.11,85.195.208.19,33,53732,9001,0x0303,0x303,www.rmre4decxjenlm2lkbc.com,14.0,True,False,13.0,,,0xc030,,3.0,15.0,1.0,591.0,2022-05-30 00:00:00 (UTC),2023-04-14 00:00:00 (UTC),13.0,83d60721ecc423892660e275acc4dffd,1
125,127,192.168.64.11,23.250.14.98,13,44590,443,0x0303,0x303,www.kj6wkgx6.com,14.0,True,False,13.0,,,0xc030,,3.0,15.0,1.0,573.0,2022-06-26 00:00:00 (UTC),2022-07-21 23:59:59 (UTC),13.0,83d60721ecc423892660e275acc4dffd,1
126,128,192.168.64.11,158.69.207.216,25,48038,9001,0x0303,0x303,www.d7ha5nbbdkpkhablj7l5ir5qy.com,14.0,True,False,13.0,,,0xc030,,3.0,15.0,1.0,579.0,2022-03-14 00:00:00 (UTC),2022-12-07 23:59:59 (UTC),13.0,83d60721ecc423892660e275acc4dffd,1
127,129,192.168.64.11,158.69.207.216,35,48216,9001,0x0303,0x303,www.cdpcrmces6odg6yugzly.com,14.0,True,False,13.0,,,0xc030,,3.0,15.0,1.0,579.0,2022-03-14 00:00:00 (UTC),2022-12-07 23:59:59 (UTC),13.0,83d60721ecc423892660e275acc4dffd,1
128,130,192.168.64.11,85.195.208.19,20,53928,9001,0x0303,0x303,www.whro5oeqc3ua2hub.com,14.0,True,False,13.0,,,0xc030,,3.0,15.0,1.0,591.0,2022-05-30 00:00:00 (UTC),2023-04-14 00:00:00 (UTC),13.0,83d60721ecc423892660e275acc4dffd,1
129,131,192.168.64.11,23.250.14.98,19,44780,443,0x0303,0x303,www.koelxa33iby3wibj3s3ip.com,14.0,True,False,13.0,,,0xc030,,3.0,15.0,1.0,573.0,2022-06-26 00:00:00 (UTC),2022-07-21 23:59:59 (UTC),13.0,83d60721ecc423892660e275acc4dffd,1
130,132,192.168.64.11,85.195.208.19,27,53824,9001,0x0303,0x303,www.twrw34.com,14.0,True,False,13.0,,,0xc030,,3.0,15.0,1.0,591.0,2022-05-30 00:00:00 (UTC),2023-04-14 00:00:00 (UTC),13.0,83d60721ecc423892660e275acc4dffd,1
131,133,192.168.64.11,158.69.207.216,31,48126,9001,0x0303,0x303,www.qohn3.com,14.0,True,False,13.0,,,0xc030,,3.0,15.0,1.0,579.0,2022-03-14 00:00:00 (UTC),2022-12-07 23:59:59 (UTC),13.0,83d60721ecc423892660e275acc4dffd,1
132,134,192.168.64.11,23.250.14.98,13,44684,443,0x0303,0x303,www.tykjw3zdjr3smcrep2gavqkn.com,14.0,True,False,13.0,,,0xc030,,3.0,15.0,1.0,573.0,2022-06-26 00:00:00 (UTC),2022-07-21 23:59:59 (UTC),13.0,83d60721ecc423892660e275acc4dffd,1
133,135,192.168.64.11,85.195.208.19,32,53808,9001,0x0303,0x303,www.zsvaiir4f2qkbfknroyrv.com,14.0,True,False,13.0,,,0xc030,,3.0,15.0,1.0,591.0,2022-05-30 00:00:00 (UTC),2023-04-14 00:00:00 (UTC),13.0,83d60721ecc423892660e275acc4dffd,1
134,136,192.168.64.11,23.250.14.98,14,44664,443,0x0303,0x303,www.rkk4x.com,14.0,True,False,13.0,,,0xc030,,3.0,15.0,1.0,573.0,2022-06-26 00:00:00 (UTC),2022-07-21 23:59:59 (UTC),13.0,83d60721ecc423892660e275acc4dffd,1
135,137,192.168.64.11,158.69.207.216,25,48114,9001,0x0303,0x303,www.bgaxshx3xme.com,14.0,True,False,13.0,,,0xc030,,3.0,15.0,1.0,579.0,2022-03-14 00:00:00 (UTC),2022-12-07 23:59:59 (UTC),13.0,83d60721ecc423892660e275acc4dffd,1
136,138,192.168.64.11,158.69.207.216,32,48184,9001,0x0303,0x303,www.3dk2cqxqj7iq.com,14.0,True,False,13.0,,,0xc030,,3.0,15.0,1.0,579.0,2022-03-14 00:00:00 (UTC),2022-12-07 23:59:59 (UTC),13.0,83d60721ecc423892660e275acc4dffd,1
137,139,192.168.64.11,23.250.14.98,25,44740,443,0x0303,0x303,www.sjh5nuy76w3nx.com,14.0,True,False,13.0,,,0xc030,,3.0,15.0,1.0,573.0,2022-06-26 00:00:00 (UTC),2022-07-21 23:59:59 (UTC),13.0,83d60721ecc423892660e275acc4dffd,1
138,140,192.168.64.11,85.195.208.19,14,53898,9001,0x0303,0x303,www.77yolfpu45tv2.com,14.0,True,False,13.0,,,0xc030,,3.0,15.0,1.0,591.0,2022-05-30 00:00:00 (UTC),2023-04-14 00:00:00 (UTC),13.0,83d60721ecc423892660e275acc4dffd,1
139,141,192.168.64.11,23.250.14.98,18,44470,443,0x0303,0x303,www.budae2riuidco3.com,14.0,True,False,13.0,,,0xc030,,3.0,15.0,1.0,573.0,2022-06-26 00:00:00 (UTC),2022-07-21 23:59:59 (UTC),13.0,83d60721ecc423892660e275acc4dffd,1
140,142,192.168.64.11,85.195.208.19,44,53624,9001,0x0303,0x303,www.en7zftv73d.com,14.0,True,False,13.0,,,0xc030,,3.0,15.0,1.0,591.0,2022-05-30 00:00:00 (UTC),2023-04-14 00:00:00 (UTC),13.0,83d60721ecc423892660e275acc4dffd,1
141,143,192.168.64.11,158.69.207.216,13,47928,9001,0x0303,0x303,www.tumcjxaaouxrklbdqiw6.com,14.0,True,False,13.0,,,0xc030,,3.0,15.0,1.0,579.0,2022-03-14 00:00:00 (UTC),2022-12-07 23:59:59 (UTC),13.0,83d60721ecc423892660e275acc4dffd,1
142,144,192.168.64.11,23.250.14.98,29,44644,443,0x0303,0x303,www.xptt4uot6cvuvhdvo.com,14.0,True,False,13.0,,,0xc030,,3.0,15.0,1.0,573.0,2022-06-26 00:00:00 (UTC),2022-07-21 23:59:59 (UTC),13.0,83d60721ecc423892660e275acc4dffd,1
143,145,192.168.64.11,85.195.208.19,31,53796,9001,0x0303,0x303,www.sexdk.com,14.0,True,False,13.0,,,0xc030,,3.0,15.0,1.0,591.0,2022-05-30 00:00:00 (UTC),2023-04-14 00:00:00 (UTC),13.0,83d60721ecc423892660e275acc4dffd,1
144,146,192.168.64.11,23.250.14.98,20,44488,443,0x0303,0x303,www.ovbilapgr.com,14.0,True,False,13.0,,,0xc030,,3.0,15.0,1.0,573.0,2022-06-26 00:00:00 (UTC),2022-07-21 23:59:59 (UTC),13.0,83d60721ecc423892660e275acc4dffd,1
145,147,192.168.64.11,158.69.207.216,19,47936,9001,0x0303,0x303,www.cai7cnjxhhue7w5w4.com,14.0,True,False,13.0,,,0xc030,,3.0,15.0,1.0,579.0,2022-03-14 00:00:00 (UTC),2022-12-07 23:59:59 (UTC),13.0,83d60721ecc423892660e275acc4dffd,1
146,148,192.168.64.11,85.195.208.19,18,53648,9001,0x0303,0x303,www.7hh3rbeo4ktoni2ha2oylm.com,14.0,True,False,13.0,,,0xc030,,3.0,15.0,1.0,591.0,2022-05-30 00:00:00 (UTC),2023-04-14 00:00:00 (UTC),13.0,83d60721ecc423892660e275acc4dffd,1
147,149,192.168.64.11,172.106.112.42,30,60316,443,0x0303,0x303,www.ysxfa6actal6.com,14.0,True,False,13.0,,,0xc030,,3.0,15.0,1.0,585.0,2022-06-11 00:00:00 (UTC),2023-01-17 00:00:00 (UTC),13.0,83d60721ecc423892660e275acc4dffd,1
148,150,192.168.64.11,95.216.33.58,31,42448,443,0x0303,0x303,www.jlwbt4ffofppp3zt7tfoxiqs.com,14.0,True,False,13.0,,,0xc030,,3.0,15.0,1.0,580.0,2022-02-13 00:00:00 (UTC),2022-10-08 23:59:59 (UTC),13.0,83d60721ecc423892660e275acc4dffd,1
149,151,192.168.64.11,95.216.33.58,29,42282,443,0x0303,0x303,www.snxtzc.com,14.0,True,False,13.0,,,0xc030,,3.0,15.0,1.0,580.0,2022-02-13 00:00:00 (UTC),2022-10-08 23:59:59 (UTC),13.0,83d60721ecc423892660e275acc4dffd,1
150,152,192.168.64.11,172.106.112.42,31,60154,443,0x0303,0x303,www.ei7ni.com,14.0,True,False,13.0,,,0xc030,,3.0,15.0,1.0,585.0,2022-06-11 00:00:00 (UTC),2023-01-17 00:00:00 (UTC),13.0,83d60721ecc423892660e275acc4dffd,1
151,153,192.168.64.11,95.216.33.58,36,42416,443,0x0303,0x303,www.lrojhfildf.com,14.0,True,False,13.0,,,0xc030,,3.0,15.0,1.0,580.0,2022-02-13 00:00:00 (UTC),2022-10-08 23:59:59 (UTC),13.0,83d60721ecc423892660e275acc4dffd,1
152,154,192.168.64.11,172.106.112.42,31,60288,443,0x0303,0x303,www.oyvxby6p7pg.com,14.0,True,False,13.0,,,0xc030,,3.0,15.0,1.0,585.0,2022-06-11 00:00:00 (UTC),2023-01-17 00:00:00 (UTC),13.0,83d60721ecc423892660e275acc4dffd,1
153,155,192.168.64.11,172.106.112.42,38,60090,443,0x0303,0x303,www.ltwtnzjaj.com,14.0,True,False,13.0,,,0xc030,,3.0,15.0,1.0,585.0,2022-06-11 00:00:00 (UTC),2023-01-17 00:00:00 (UTC),13.0,83d60721ecc423892660e275acc4dffd,1
154,156,192.168.64.11,95.216.33.58,19,42222,443,0x0303,0x303,www.nbot4jrlxmswm.com,14.0,True,False,13.0,,,0xc030,,3.0,15.0,1.0,580.0,2022-02-13 00:00:00 (UTC),2022-10-08 23:59:59 (UTC),13.0,83d60721ecc423892660e275acc4dffd,1
155,157,192.168.64.11,185.14.30.57,13,55838,9001,0x0303,0x303,www.xonwm2zg453nft4efjfl.com,14.0,True,False,13.0,,,0xc030,,3.0,15.0,1.0,588.0,2022-05-03 00:00:00 (UTC),2022-10-19 23:59:59 (UTC),13.0,83d60721ecc423892660e275acc4dffd,1
156,158,192.168.64.11,95.216.33.58,50,42356,443,0x0303,0x303,www.4ubxyh5z6c5g3k3.com,14.0,True,False,13.0,,,0xc030,,3.0,15.0,1.0,580.0,2022-02-13 00:00:00 (UTC),2022-10-08 23:59:59 (UTC),13.0,83d60721ecc423892660e275acc4dffd,1
157,159,192.168.64.11,185.14.30.57,13,55972,9001,0x0303,0x303,www.t6727blpucbqloqeqzhex3.com,14.0,True,False,13.0,,,0xc030,,3.0,15.0,1.0,588.0,2022-05-03 00:00:00 (UTC),2022-10-19 23:59:59 (UTC),13.0,83d60721ecc423892660e275acc4dffd,1
158,160,192.168.64.11,185.14.30.57,19,56098,9001,0x0303,0x303,www.a7hinmq4taraykrolrv.com,14.0,True,False,13.0,,,0xc030,,3.0,15.0,1.0,588.0,2022-05-03 00:00:00 (UTC),2022-10-19 23:59:59 (UTC),13.0,83d60721ecc423892660e275acc4dffd,1
159,161,192.168.64.11,95.216.33.58,14,42496,443,0x0303,0x303,www.rmfrau.com,14.0,True,False,13.0,,,0xc030,,3.0,15.0,1.0,580.0,2022-02-13 00:00:00 (UTC),2022-10-08 23:59:59 (UTC),13.0,83d60721ecc423892660e275acc4dffd,1
160,162,192.168.64.11,172.106.112.42,19,60370,443,0x0303,0x303,www.oyfbsgysnfnpibacr2tmadde.com,14.0,True,False,13.0,,,0xc030,,3.0,15.0,1.0,585.0,2022-06-11 00:00:00 (UTC),2023-01-17 00:00:00 (UTC),13.0,83d60721ecc423892660e275acc4dffd,1
161,163,192.168.64.11,95.216.33.58,17,42386,443,0x0303,0x303,www.wmg3bhul.com,14.0,True,False,13.0,,,0xc030,,3.0,15.0,1.0,580.0,2022-02-13 00:00:00 (UTC),2022-10-08 23:59:59 (UTC),13.0,83d60721ecc423892660e275acc4dffd,1
162,164,192.168.64.11,172.106.112.42,24,60258,443,0x0303,0x303,www.73qlzxatkpbvnwpjlrflqy.com,14.0,True,False,13.0,,,0xc030,,3.0,15.0,1.0,585.0,2022-06-11 00:00:00 (UTC),2023-01-17 00:00:00 (UTC),13.0,83d60721ecc423892660e275acc4dffd,1
163,165,192.168.64.11,185.14.30.57,13,56004,9001,0x0303,0x303,www.cp2lkw7ds63rbfdgjb2b54.com,14.0,True,False,13.0,,,0xc030,,3.0,15.0,1.0,588.0,2022-05-03 00:00:00 (UTC),2022-10-19 23:59:59 (UTC),13.0,83d60721ecc423892660e275acc4dffd,1
164,166,192.168.64.11,172.106.112.42,36,60330,443,0x0303,0x303,www.6k4tu563fxo3fni6zvr6yjfa.com,14.0,True,False,13.0,,,0xc030,,3.0,15.0,1.0,585.0,2022-06-11 00:00:00 (UTC),2023-01-17 00:00:00 (UTC),13.0,83d60721ecc423892660e275acc4dffd,1
165,167,192.168.64.11,185.14.30.57,25,56070,9001,0x0303,0x303,www.b6p34rzakwd3zqjcb6dbe3jm.com,14.0,True,False,13.0,,,0xc030,,3.0,15.0,1.0,588.0,2022-05-03 00:00:00 (UTC),2022-10-19 23:59:59 (UTC),13.0,83d60721ecc423892660e275acc4dffd,1
166,168,192.168.64.11,95.216.33.58,32,42204,443,0x0303,0x303,www.up7pxyghvcekzwne4dxzbu4.com,14.0,True,False,13.0,,,0xc030,,3.0,15.0,1.0,580.0,2022-02-13 00:00:00 (UTC),2022-10-08 23:59:59 (UTC),13.0,83d60721ecc423892660e275acc4dffd,1
167,169,192.168.64.11,172.106.112.42,25,60076,443,0x0303,0x303,www.qffpfmfbvuszipovzmnnwl.com,14.0,True,False,13.0,,,0xc030,,3.0,15.0,1.0,585.0,2022-06-11 00:00:00 (UTC),2023-01-17 00:00:00 (UTC),13.0,83d60721ecc423892660e275acc4dffd,1
168,170,192.168.64.11,185.14.30.57,13,55822,9001,0x0303,0x303,www.dgj6cgmrke.com,14.0,True,False,13.0,,,0xc030,,3.0,15.0,1.0,588.0,2022-05-03 00:00:00 (UTC),2022-10-19 23:59:59 (UTC),13.0,83d60721ecc423892660e275acc4dffd,1
169,171,192.168.64.11,172.106.112.42,35,60120,443,0x0303,0x303,www.vieuewg.com,14.0,True,False,13.0,,,0xc030,,3.0,15.0,1.0,585.0,2022-06-11 00:00:00 (UTC),2023-01-17 00:00:00 (UTC),13.0,83d60721ecc423892660e275acc4dffd,1
170,172,192.168.64.11,185.14.30.57,25,55860,9001,0x0303,0x303,www.siimxbtcewpe.com,14.0,True,False,13.0,,,0xc030,,3.0,15.0,1.0,588.0,2022-05-03 00:00:00 (UTC),2022-10-19 23:59:59 (UTC),13.0,83d60721ecc423892660e275acc4dffd,1
171,173,192.168.64.11,95.216.33.58,13,42260,443,0x0303,0x303,www.q6la2z76hxt5dj6mwd5o6zam.com,14.0,True,False,13.0,,,0xc030,,3.0,15.0,1.0,580.0,2022-02-13 00:00:00 (UTC),2022-10-08 23:59:59 (UTC),13.0,83d60721ecc423892660e275acc4dffd,1
172,174,192.168.64.11,95.216.33.58,42,42312,443,0x0303,0x303,www.d7twsrmwcwebdzvfnulb6ymv.com,14.0,True,False,13.0,,,0xc030,,3.0,15.0,1.0,580.0,2022-02-13 00:00:00 (UTC),2022-10-08 23:59:59 (UTC),13.0,83d60721ecc423892660e275acc4dffd,1
173,175,192.168.64.11,172.106.112.42,13,60190,443,0x0303,0x303,www.gp5kcdjwv5xzzeziuan.com,14.0,True,False,13.0,,,0xc030,,3.0,15.0,1.0,585.0,2022-06-11 00:00:00 (UTC),2023-01-17 00:00:00 (UTC),13.0,83d60721ecc423892660e275acc4dffd,1
174,176,192.168.64.11,185.14.30.57,13,55930,9001,0x0303,0x303,www.komno5ar66cch2lwcfyr7ec.com,14.0,True,False,13.0,,,0xc030,,3.0,15.0,1.0,588.0,2022-05-03 00:00:00 (UTC),2022-10-19 23:59:59 (UTC),13.0,83d60721ecc423892660e275acc4dffd,1
175,177,192.168.64.11,185.14.30.57,37,55764,9001,0x0303,0x303,www.fqhxbpna.com,14.0,True,False,13.0,,,0xc030,,3.0,15.0,1.0,588.0,2022-05-03 00:00:00 (UTC),2022-10-19 23:59:59 (UTC),13.0,83d60721ecc423892660e275acc4dffd,1
176,178,192.168.64.11,172.106.112.42,19,60032,443,0x0303,0x303,www.antac.com,14.0,True,False,13.0,,,0xc030,,3.0,15.0,1.0,585.0,2022-06-11 00:00:00 (UTC),2023-01-17 00:00:00 (UTC),13.0,83d60721ecc423892660e275acc4dffd,1
177,179,192.168.64.11,95.216.33.58,13,42166,443,0x0303,0x303,www.k4woe.com,14.0,True,False,13.0,,,0xc030,,3.0,15.0,1.0,580.0,2022-02-13 00:00:00 (UTC),2022-10-08 23:59:59 (UTC),13.0,83d60721ecc423892660e275acc4dffd,1
178,180,192.168.64.11,95.216.33.58,24,42474,443,0x0303,0x303,www.nlufrv6.com,14.0,True,False,13.0,,,0xc030,,3.0,15.0,1.0,580.0,2022-02-13 00:00:00 (UTC),2022-10-08 23:59:59 (UTC),13.0,83d60721ecc423892660e275acc4dffd,1
179,181,192.168.64.11,185.14.30.57,25,56084,9001,0x0303,0x303,www.ueaz6advek.com,14.0,True,False,13.0,,,0xc030,,3.0,15.0,1.0,588.0,2022-05-03 00:00:00 (UTC),2022-10-19 23:59:59 (UTC),13.0,83d60721ecc423892660e275acc4dffd,1
180,182,192.168.64.11,172.106.112.42,23,60354,443,0x0303,0x303,www.ir45tsg5jigt.com,14.0,True,False,13.0,,,0xc030,,3.0,15.0,1.0,585.0,2022-06-11 00:00:00 (UTC),2023-01-17 00:00:00 (UTC),13.0,83d60721ecc423892660e275acc4dffd,1
181,183,192.168.64.11,185.14.30.57,27,55874,9001,0x0303,0x303,www.bwdf.com,14.0,True,False,13.0,,,0xc030,,3.0,15.0,1.0,588.0,2022-05-03 00:00:00 (UTC),2022-10-19 23:59:59 (UTC),13.0,83d60721ecc423892660e275acc4dffd,1
182,184,192.168.64.11,95.216.33.58,13,42272,443,0x0303,0x303,www.2d252jqljhar5.com,14.0,True,False,13.0,,,0xc030,,3.0,15.0,1.0,580.0,2022-02-13 00:00:00 (UTC),2022-10-08 23:59:59 (UTC),13.0,83d60721ecc423892660e275acc4dffd,1
183,185,192.168.64.11,172.106.112.42,20,60146,443,0x0303,0x303,www.6y6hg5fu6l5k6kiu2b.com,14.0,True,False,13.0,,,0xc030,,3.0,15.0,1.0,585.0,2022-06-11 00:00:00 (UTC),2023-01-17 00:00:00 (UTC),13.0,83d60721ecc423892660e275acc4dffd,1
184,186,192.168.64.11,185.14.30.57,32,56114,9001,0x0303,0x303,www.bfs2.com,14.0,True,False,13.0,,,0xc030,,3.0,15.0,1.0,588.0,2022-05-03 00:00:00 (UTC),2022-10-19 23:59:59 (UTC),13.0,83d60721ecc423892660e275acc4dffd,1
185,187,192.168.64.11,172.106.112.42,19,60378,443,0x0303,0x303,www.hjmk27v462j5w.com,14.0,True,False,13.0,,,0xc030,,3.0,15.0,1.0,585.0,2022-06-11 00:00:00 (UTC),2023-01-17 00:00:00 (UTC),13.0,83d60721ecc423892660e275acc4dffd,1
186,188,192.168.64.11,95.216.33.58,20,42516,443,0x0303,0x303,www.r3f36.com,14.0,True,False,13.0,,,0xc030,,3.0,15.0,1.0,580.0,2022-02-13 00:00:00 (UTC),2022-10-08 23:59:59 (UTC),13.0,83d60721ecc423892660e275acc4dffd,1
187,189,192.168.64.11,172.106.112.42,26,60058,443,0x0303,0x303,www.igk4dzgpxw23hvspkv7zph.com,14.0,True,False,13.0,,,0xc030,,3.0,15.0,1.0,585.0,2022-06-11 00:00:00 (UTC),2023-01-17 00:00:00 (UTC),13.0,83d60721ecc423892660e275acc4dffd,1
188,190,192.168.64.11,95.216.33.58,14,42190,443,0x0303,0x303,www.vo6pmzxmofagadhu.com,14.0,True,False,13.0,,,0xc030,,3.0,15.0,1.0,580.0,2022-02-13 00:00:00 (UTC),2022-10-08 23:59:59 (UTC),13.0,83d60721ecc423892660e275acc4dffd,1
189,191,192.168.64.11,185.14.30.57,31,55806,9001,0x0303,0x303,www.exxbyl5xxneb3a.com,14.0,True,False,13.0,,,0xc030,,3.0,15.0,1.0,588.0,2022-05-03 00:00:00 (UTC),2022-10-19 23:59:59 (UTC),13.0,83d60721ecc423892660e275acc4dffd,1
190,192,192.168.64.11,172.106.112.42,48,60106,443,0x0303,0x303,www.zqwkkrggta5odtshm.com,14.0,True,False,13.0,,,0xc030,,3.0,15.0,1.0,585.0,2022-06-11 00:00:00 (UTC),2023-01-17 00:00:00 (UTC),13.0,83d60721ecc423892660e275acc4dffd,1
191,193,192.168.64.11,95.216.33.58,13,42244,443,0x0303,0x303,www.5g7fki7cumvx6ytmg72i722.com,14.0,True,False,13.0,,,0xc030,,3.0,15.0,1.0,580.0,2022-02-13 00:00:00 (UTC),2022-10-08 23:59:59 (UTC),13.0,83d60721ecc423892660e275acc4dffd,1
192,194,192.168.64.11,185.14.30.57,25,55950,9001,0x0303,0x303,www.6zirhxf5kxq6fvkma5jxxlh57.com,14.0,True,False,13.0,,,0xc030,,3.0,15.0,1.0,588.0,2022-05-03 00:00:00 (UTC),2022-10-19 23:59:59 (UTC),13.0,83d60721ecc423892660e275acc4dffd,1
193,195,192.168.64.11,172.106.112.42,37,60220,443,0x0303,0x303,www.lg3zj.com,14.0,True,False,13.0,,,0xc030,,3.0,15.0,1.0,585.0,2022-06-11 00:00:00 (UTC),2023-01-17 00:00:00 (UTC),13.0,83d60721ecc423892660e275acc4dffd,1
194,196,192.168.64.11,172.106.112.42,36,60166,443,0x0303,0x303,www.vwsmmli4vovkqps7gqa.com,14.0,True,False,13.0,,,0xc030,,3.0,15.0,1.0,585.0,2022-06-11 00:00:00 (UTC),2023-01-17 00:00:00 (UTC),13.0,83d60721ecc423892660e275acc4dffd,1
195,197,192.168.64.11,95.216.33.58,20,42298,443,0x0303,0x303,www.7wycqd.com,14.0,True,False,13.0,,,0xc030,,3.0,15.0,1.0,580.0,2022-02-13 00:00:00 (UTC),2022-10-08 23:59:59 (UTC),13.0,83d60721ecc423892660e275acc4dffd,1
196,198,192.168.64.11,185.14.30.57,13,55914,9001,0x0303,0x303,www.awxhb23z.com,14.0,True,False,13.0,,,0xc030,,3.0,15.0,1.0,588.0,2022-05-03 00:00:00 (UTC),2022-10-19 23:59:59 (UTC),13.0,83d60721ecc423892660e275acc4dffd,1
197,199,192.168.64.11,185.14.30.57,26,56038,9001,0x0303,0x303,www.oomlvy6r27hb.com,14.0,True,False,13.0,,,0xc030,,3.0,15.0,1.0,588.0,2022-05-03 00:00:00 (UTC),2022-10-19 23:59:59 (UTC),13.0,83d60721ecc423892660e275acc4dffd,1
198,200,192.168.64.11,172.106.112.42,31,60302,443,0x0303,0x303,www.gs5a.com,14.0,True,False,13.0,,,0xc030,,3.0,15.0,1.0,585.0,2022-06-11 00:00:00 (UTC),2023-01-17 00:00:00 (UTC),13.0,83d60721ecc423892660e275acc4dffd,1
199,201,192.168.64.11,95.216.33.58,13,42440,443,0x0303,0x303,www.kfs2o2ym3paob5.com,14.0,True,False,13.0,,,0xc030,,3.0,15.0,1.0,580.0,2022-02-13 00:00:00 (UTC),2022-10-08 23:59:59 (UTC),13.0,83d60721ecc423892660e275acc4dffd,1
200,202,192.168.64.11,185.14.30.57,21,55978,9001,0x0303,0x303,www.hg2mh7dkixrji5s4akq.com,14.0,True,False,13.0,,,0xc030,,3.0,15.0,1.0,588.0,2022-05-03 00:00:00 (UTC),2022-10-19 23:59:59 (UTC),13.0,83d60721ecc423892660e275acc4dffd,1
201,203,192.168.64.11,172.106.112.42,30,60246,443,0x0303,0x303,www.lo2luruytwzjfkbvn.com,14.0,True,False,13.0,,,0xc030,,3.0,15.0,1.0,585.0,2022-06-11 00:00:00 (UTC),2023-01-17 00:00:00 (UTC),13.0,83d60721ecc423892660e275acc4dffd,1
202,204,192.168.64.11,95.216.33.58,25,42380,443,0x0303,0x303,www.cnj2p.com,14.0,True,False,13.0,,,0xc030,,3.0,15.0,1.0,580.0,2022-02-13 00:00:00 (UTC),2022-10-08 23:59:59 (UTC),13.0,83d60721ecc423892660e275acc4dffd,1
203,205,192.168.64.11,185.14.30.57,27,55936,9001,0x0303,0x303,www.qgshhuse3rtga4v.com,14.0,True,False,13.0,,,0xc030,,3.0,15.0,1.0,588.0,2022-05-03 00:00:00 (UTC),2022-10-19 23:59:59 (UTC),13.0,83d60721ecc423892660e275acc4dffd,1
204,206,192.168.64.11,95.216.33.58,37,42334,443,0x0303,0x303,www.yj6ed22ibplcd27nheg6zw.com,14.0,True,False,13.0,,,0xc030,,3.0,15.0,1.0,580.0,2022-02-13 00:00:00 (UTC),2022-10-08 23:59:59 (UTC),13.0,83d60721ecc423892660e275acc4dffd,1
205,207,192.168.64.11,185.14.30.57,49,56010,9001,0x0303,0x303,www.tyeev232d3wre.com,14.0,True,False,13.0,,,0xc030,,3.0,15.0,1.0,588.0,2022-05-03 00:00:00 (UTC),2022-10-19 23:59:59 (UTC),13.0,83d60721ecc423892660e275acc4dffd,1
206,208,192.168.64.11,95.216.33.58,14,42410,443,0x0303,0x303,www.ttga74e6fi7uhgl7ijk7ojxd.com,14.0,True,False,13.0,,,0xc030,,3.0,15.0,1.0,580.0,2022-02-13 00:00:00 (UTC),2022-10-08 23:59:59 (UTC),13.0,83d60721ecc423892660e275acc4dffd,1
207,209,192.168.64.11,172.106.112.42,36,60042,443,0x0303,0x303,www.m3j6zic.com,14.0,True,False,13.0,,,0xc030,,3.0,15.0,1.0,585.0,2022-06-11 00:00:00 (UTC),2023-01-17 00:00:00 (UTC),13.0,83d60721ecc423892660e275acc4dffd,1
208,210,192.168.64.11,185.14.30.57,15,55782,9001,0x0303,0x303,www.xih7pnsqiw4rdiolqj.com,14.0,True,False,13.0,,,0xc030,,3.0,15.0,1.0,588.0,2022-05-03 00:00:00 (UTC),2022-10-19 23:59:59 (UTC),13.0,83d60721ecc423892660e275acc4dffd,1
209,211,192.168.64.11,95.216.33.58,19,42182,443,0x0303,0x303,www.scbdy5mi4o3odvynnhehfmemc.com,14.0,True,False,13.0,,,0xc030,,3.0,15.0,1.0,580.0,2022-02-13 00:00:00 (UTC),2022-10-08 23:59:59 (UTC),13.0,83d60721ecc423892660e275acc4dffd,1
210,212,192.168.64.11,82.65.58.162,132,36456,9001,0x0304,0x304,www.kmzdeeb5gg.com,18.0,False,False,2.0,1.0,23.0,0x1302,23.0,3.0,23.0,,,,,79.0,140e0f0cad708278ade0984528fe8493,1
211,213,192.168.64.11,192.99.152.50,27,56816,9001,0x0304,0x304,www.avhwm27.com,18.0,False,False,2.0,1.0,23.0,0x1302,23.0,3.0,23.0,,,,,79.0,140e0f0cad708278ade0984528fe8493,1
214,216,192.168.64.11,82.65.58.162,75,36842,9001,0x0304,0x304,www.fqoou5i6l7sfm36pn5nnd.com,18.0,False,False,2.0,1.0,23.0,0x1302,23.0,3.0,23.0,,,,,79.0,140e0f0cad708278ade0984528fe8493,1
215,217,192.168.64.11,192.99.152.50,21,57210,9001,0x0304,0x304,www.x67a5eii4rd5h43din.com,18.0,False,False,2.0,1.0,23.0,0x1302,23.0,3.0,23.0,,,,,79.0,140e0f0cad708278ade0984528fe8493,1
217,219,192.168.64.11,192.99.152.50,83,47536,9001,0x0304,0x304,www.zq7ize3gzdhajbqjfv6dy.com,18.0,False,False,2.0,1.0,23.0,0x1302,23.0,3.0,23.0,,,,,79.0,140e0f0cad708278ade0984528fe8493,1
218,220,192.168.64.11,82.65.58.162,28,55438,9001,0x0304,0x304,www.wbndc5.com,18.0,False,False,2.0,1.0,23.0,0x1302,23.0,3.0,23.0,,,,,79.0,140e0f0cad708278ade0984528fe8493,1
220,222,192.168.64.11,192.99.152.50,24,58174,9001,0x0304,0x304,www.whd3d2par3w.com,18.0,False,False,2.0,1.0,23.0,0x1302,23.0,3.0,23.0,,,,,79.0,140e0f0cad708278ade0984528fe8493,1
221,223,192.168.64.11,82.65.58.162,133,37822,9001,0x0304,0x304,www.ouaqw5y7v.com,18.0,False,False,2.0,1.0,23.0,0x1302,23.0,3.0,23.0,,,,,79.0,140e0f0cad708278ade0984528fe8493,1
222,224,192.168.64.11,82.65.58.162,79,37362,9001,0x0304,0x304,www.srprg7dhsyrh2l.com,18.0,False,False,2.0,1.0,23.0,0x1302,23.0,3.0,23.0,,,,,79.0,140e0f0cad708278ade0984528fe8493,1
223,225,192.168.64.11,192.99.152.50,21,57732,9001,0x0304,0x304,www.h6air5e.com,18.0,False,False,2.0,1.0,23.0,0x1302,23.0,3.0,23.0,,,,,79.0,140e0f0cad708278ade0984528fe8493,1
224,226,192.168.64.11,192.99.152.50,113,57462,9001,0x0304,0x304,www.gjiwx2ex37nk.com,18.0,False,False,2.0,1.0,23.0,0x1302,23.0,3.0,23.0,,,,,79.0,140e0f0cad708278ade0984528fe8493,1
225,227,192.168.64.11,82.65.58.162,33,37106,9001,0x0304,0x304,www.vrwvbvt6irtpfd.com,18.0,False,False,2.0,1.0,23.0,0x1302,23.0,3.0,23.0,,,,,79.0,140e0f0cad708278ade0984528fe8493,1
226,228,192.168.64.11,192.99.152.50,19,58362,9001,0x0304,0x304,www.zacdak3.com,18.0,False,False,2.0,1.0,23.0,0x1302,23.0,3.0,23.0,,,,,79.0,140e0f0cad708278ade0984528fe8493,1
227,229,192.168.64.11,82.65.58.162,102,38010,9001,0x0304,0x304,www.yx4csdfeh3shbo4.com,18.0,False,False,2.0,1.0,23.0,0x1302,23.0,3.0,23.0,,,,,79.0,140e0f0cad708278ade0984528fe8493,1
228,230,192.168.64.11,82.65.58.162,115,55572,9001,0x0304,0x304,www.beku3fze6qb.com,18.0,False,False,2.0,1.0,23.0,0x1302,23.0,3.0,23.0,,,,,79.0,140e0f0cad708278ade0984528fe8493,1
229,231,192.168.64.11,192.99.152.50,35,47680,9001,0x0304,0x304,www.5re5fgglnj25p6liim.com,18.0,False,False,2.0,1.0,23.0,0x1302,23.0,3.0,23.0,,,,,79.0,140e0f0cad708278ade0984528fe8493,1
230,232,192.168.64.11,82.65.58.162,88,36692,9001,0x0304,0x304,www.pl75.com,18.0,False,False,2.0,1.0,23.0,0x1302,23.0,3.0,23.0,,,,,79.0,140e0f0cad708278ade0984528fe8493,1
231,233,192.168.64.11,192.99.152.50,15,57062,9001,0x0304,0x304,www.bhufumhawvochhe2bj.com,18.0,False,False,2.0,1.0,23.0,0x1302,23.0,3.0,23.0,,,,,79.0,140e0f0cad708278ade0984528fe8493,1
232,235,192.168.64.11,185.242.181.140,30,55574,443,0x0304,0x304,www.qez3vfui6azijlazz4eqi6xxm.com,18.0,False,False,2.0,1.0,23.0,0x1302,23.0,3.0,23.0,,,,,79.0,140e0f0cad708278ade0984528fe8493,1
233,237,192.168.64.11,128.0.64.148,89,49156,443,0x0304,0x304,www.g7mxtluzobpycnl7.com,18.0,False,False,2.0,1.0,23.0,0x1302,23.0,3.0,23.0,,,,,79.0,140e0f0cad708278ade0984528fe8493,1
234,236,192.168.64.11,192.99.152.50,99,47150,9001,0x0304,0x304,www.7x3jt442istvk.com,18.0,False,False,2.0,1.0,23.0,0x1302,23.0,3.0,23.0,,,,,79.0,140e0f0cad708278ade0984528fe8493,1
235,238,192.168.64.11,82.65.58.162,101,55052,9001,0x0304,0x304,www.246772.com,18.0,False,False,2.0,1.0,23.0,0x1302,23.0,3.0,23.0,,,,,79.0,140e0f0cad708278ade0984528fe8493,1
236,239,192.168.64.11,192.99.152.50,14,47156,9001,0x0304,0x304,www.2mbaeegqapf4lw5qeif37mrbq.com,18.0,False,False,2.0,1.0,23.0,0x1302,23.0,3.0,23.0,,,,,79.0,140e0f0cad708278ade0984528fe8493,1
237,240,192.168.64.11,82.65.58.162,105,37778,9001,0x0304,0x304,www.u3roatekpvekr2xsalx7wyuhl.com,18.0,False,False,2.0,1.0,23.0,0x1302,23.0,3.0,23.0,,,,,79.0,140e0f0cad708278ade0984528fe8493,1
238,241,192.168.64.11,192.99.152.50,68,58144,9001,0x0304,0x304,www.yeen.com,18.0,False,False,2.0,1.0,23.0,0x1302,23.0,3.0,23.0,,,,,79.0,140e0f0cad708278ade0984528fe8493,1
239,242,192.168.64.11,192.99.152.50,11,47444,9001,0x0304,0x304,www.itb6tu6jy3fnstug.com,18.0,False,False,2.0,1.0,23.0,0x1302,23.0,3.0,23.0,,,,,79.0,140e0f0cad708278ade0984528fe8493,1
240,243,192.168.64.11,82.65.58.162,32,55344,9001,0x0304,0x304,www.hs33nj.com,18.0,False,False,2.0,1.0,23.0,0x1302,23.0,3.0,23.0,,,,,79.0,140e0f0cad708278ade0984528fe8493,1
241,244,192.168.64.11,82.65.58.162,78,37854,9001,0x0304,0x304,www.iek6a4666tbdhcunvn3.com,18.0,False,False,2.0,1.0,23.0,0x1302,23.0,3.0,23.0,,,,,79.0,140e0f0cad708278ade0984528fe8493,1
242,245,192.168.64.11,192.99.152.50,34,58236,9001,0x0304,0x304,www.u6j6ayuc5ruiwzbm.com,18.0,False,False,2.0,1.0,23.0,0x1302,23.0,3.0,23.0,,,,,79.0,140e0f0cad708278ade0984528fe8493,1
243,246,192.168.64.11,82.65.58.162,78,36496,9001,0x0304,0x304,www.7bglv3ugfzndevdcwlydu.com,18.0,False,False,2.0,1.0,23.0,0x1302,23.0,3.0,23.0,,,,,79.0,140e0f0cad708278ade0984528fe8493,1
244,247,192.168.64.11,192.99.152.50,33,56862,9001,0x0304,0x304,www.e6pvujo5lkvw.com,18.0,False,False,2.0,1.0,23.0,0x1302,23.0,3.0,23.0,,,,,79.0,140e0f0cad708278ade0984528fe8493,1
245,248,192.168.64.11,82.65.58.162,119,38076,9001,0x0304,0x304,www.x66yknj3kcpwyav4u.com,18.0,False,False,2.0,1.0,23.0,0x1302,23.0,3.0,23.0,,,,,79.0,140e0f0cad708278ade0984528fe8493,1
246,249,192.168.64.11,192.99.152.50,62,58448,9001,0x0304,0x304,www.6nh4ttf3hmz3kpiepz7z.com,18.0,False,False,2.0,1.0,23.0,0x1302,23.0,3.0,23.0,,,,,79.0,140e0f0cad708278ade0984528fe8493,1
247,250,192.168.64.11,82.65.58.162,64,55298,9001,0x0304,0x304,www.ihlulw7zuo7r4bqg24m.com,18.0,False,False,2.0,1.0,23.0,0x1302,23.0,3.0,23.0,,,,,79.0,140e0f0cad708278ade0984528fe8493,1
248,251,192.168.64.11,192.99.152.50,12,47408,9001,0x0304,0x304,www.fawxzzrn.com,18.0,False,False,2.0,1.0,23.0,0x1302,23.0,3.0,23.0,,,,,79.0,140e0f0cad708278ade0984528fe8493,1
249,252,192.168.64.11,82.65.58.162,114,37628,9001,0x0304,0x304,www.35fc67hz.com,18.0,False,False,2.0,1.0,23.0,0x1302,23.0,3.0,23.0,,,,,79.0,140e0f0cad708278ade0984528fe8493,1
250,253,192.168.64.11,192.99.152.50,71,57992,9001,0x0304,0x304,www.c5mdpckyffw7x5f5.com,18.0,False,False,2.0,1.0,23.0,0x1302,23.0,3.0,23.0,,,,,79.0,140e0f0cad708278ade0984528fe8493,1
251,254,192.168.64.11,82.65.58.162,138,37586,9001,0x0304,0x304,www.jry635fwlzlxlfewnjdrg.com,18.0,False,False,2.0,1.0,23.0,0x1302,23.0,3.0,23.0,,,,,79.0,140e0f0cad708278ade0984528fe8493,1
252,255,192.168.64.11,192.99.152.50,43,57952,9001,0x0304,0x304,www.3dxmehbuncabaxlvz36tr.com,18.0,False,False,2.0,1.0,23.0,0x1302,23.0,3.0,23.0,,,,,79.0,140e0f0cad708278ade0984528fe8493,1
253,256,192.168.64.11,82.65.58.162,141,55632,9001,0x0304,0x304,www.7xoik.com,18.0,False,False,2.0,1.0,23.0,0x1302,23.0,3.0,23.0,,,,,79.0,140e0f0cad708278ade0984528fe8493,1
254,257,192.168.64.11,192.99.152.50,36,47746,9001,0x0304,0x304,www.wvmyvcf.com,18.0,False,False,2.0,1.0,23.0,0x1302,23.0,3.0,23.0,,,,,79.0,140e0f0cad708278ade0984528fe8493,1
255,258,192.168.64.11,192.99.152.50,105,58098,9001,0x0304,0x304,www.oym3p.com,18.0,False,False,2.0,1.0,23.0,0x1302,23.0,3.0,23.0,,,,,79.0,140e0f0cad708278ade0984528fe8493,1
256,259,192.168.64.11,82.65.58.162,63,37746,9001,0x0304,0x304,www.2gf5kx7vd.com,18.0,False,False,2.0,1.0,23.0,0x1302,23.0,3.0,23.0,,,,,79.0,140e0f0cad708278ade0984528fe8493,1
257,260,192.168.64.11,192.99.152.50,60,56972,9001,0x0304,0x304,www.53do.com,18.0,False,False,2.0,1.0,23.0,0x1302,23.0,3.0,23.0,,,,,79.0,140e0f0cad708278ade0984528fe8493,1
258,261,192.168.64.11,82.65.58.162,28,36616,9001,0x0304,0x304,www.aetkrboljln7qqxnz.com,18.0,False,False,2.0,1.0,23.0,0x1302,23.0,3.0,23.0,,,,,79.0,140e0f0cad708278ade0984528fe8493,1
259,262,192.168.64.11,82.65.58.162,56,55386,9001,0x0304,0x304,www.ae43twiw.com,18.0,False,False,2.0,1.0,23.0,0x1302,23.0,3.0,23.0,,,,,79.0,140e0f0cad708278ade0984528fe8493,1
260,263,192.168.64.11,192.99.152.50,16,47498,9001,0x0304,0x304,www.xmubn36ceh7wvyfvs.com,18.0,False,False,2.0,1.0,23.0,0x1302,23.0,3.0,23.0,,,,,79.0,140e0f0cad708278ade0984528fe8493,1
261,264,192.168.64.11,192.99.152.50,125,47594,9001,0x0304,0x304,www.672c.com,18.0,False,False,2.0,1.0,23.0,0x1302,23.0,3.0,23.0,,,,,79.0,140e0f0cad708278ade0984528fe8493,1
262,265,192.168.64.11,82.65.58.162,22,55502,9001,0x0304,0x304,www.mzgozh3pzb3.com,18.0,False,False,2.0,1.0,23.0,0x1302,23.0,3.0,23.0,,,,,79.0,140e0f0cad708278ade0984528fe8493,1
263,266,192.168.64.11,192.99.152.50,83,47708,9001,0x0304,0x304,www.3sjyu4uvzr7crpgudp56oxses.com,18.0,False,False,2.0,1.0,23.0,0x1302,23.0,3.0,23.0,,,,,79.0,140e0f0cad708278ade0984528fe8493,1
264,267,192.168.64.11,192.99.152.50,109,58246,9001,0x0304,0x304,www.bdsetrxbssw2tlxlkh.com,18.0,False,False,2.0,1.0,23.0,0x1302,23.0,3.0,23.0,,,,,79.0,140e0f0cad708278ade0984528fe8493,1
265,268,192.168.64.11,82.65.58.162,15,37906,9001,0x0304,0x304,www.ff54c.com,18.0,False,False,2.0,1.0,23.0,0x1302,23.0,3.0,23.0,,,,,79.0,140e0f0cad708278ade0984528fe8493,1
266,269,192.168.64.11,192.99.152.50,118,58282,9001,0x0304,0x304,www.66c5.com,18.0,False,False,2.0,1.0,23.0,0x1302,23.0,3.0,23.0,,,,,79.0,140e0f0cad708278ade0984528fe8493,1
267,270,192.168.64.11,82.65.58.162,15,37936,9001,0x0304,0x304,www.noo6ikdr7dmxazfi.com,18.0,False,False,2.0,1.0,23.0,0x1302,23.0,3.0,23.0,,,,,79.0,140e0f0cad708278ade0984528fe8493,1
268,271,192.168.64.11,82.65.58.162,58,55122,9001,0x0304,0x304,www.hykiie4qnkvfgajn53c.com,18.0,False,False,2.0,1.0,23.0,0x1302,23.0,3.0,23.0,,,,,79.0,140e0f0cad708278ade0984528fe8493,1
269,272,192.168.64.11,192.99.152.50,18,47238,9001,0x0304,0x304,www.irqlpkykgium.com,18.0,False,False,2.0,1.0,23.0,0x1302,23.0,3.0,23.0,,,,,79.0,140e0f0cad708278ade0984528fe8493,1
270,273,192.168.64.11,82.65.58.162,88,38032,9001,0x0304,0x304,www.xwfcjkr26276j4di.com,18.0,False,False,2.0,1.0,23.0,0x1302,23.0,3.0,23.0,,,,,79.0,140e0f0cad708278ade0984528fe8493,1
271,274,192.168.64.11,192.99.152.50,36,58392,9001,0x0304,0x304,www.w5b7kdwiwhxcxre23cq5h.com,18.0,False,False,2.0,1.0,23.0,0x1302,23.0,3.0,23.0,,,,,79.0,140e0f0cad708278ade0984528fe8493,1
272,275,192.168.64.11,192.99.152.50,103,47186,9001,0x0304,0x304,www.kjxhpn6fo7vtscyp2nweryn3.com,18.0,False,False,2.0,1.0,23.0,0x1302,23.0,3.0,23.0,,,,,79.0,140e0f0cad708278ade0984528fe8493,1
273,276,192.168.64.11,82.65.58.162,27,55092,9001,0x0304,0x304,www.x5gih.com,18.0,False,False,2.0,1.0,23.0,0x1302,23.0,3.0,23.0,,,,,79.0,140e0f0cad708278ade0984528fe8493,1
274,277,192.168.64.11,192.99.152.50,16,47356,9001,0x0304,0x304,www.ziirupldk.com,18.0,False,False,2.0,1.0,23.0,0x1302,23.0,3.0,23.0,,,,,79.0,140e0f0cad708278ade0984528fe8493,1
275,278,192.168.64.11,82.65.58.162,46,55256,9001,0x0304,0x304,www.vbrzyytgomm2i7.com,18.0,False,False,2.0,1.0,23.0,0x1302,23.0,3.0,23.0,,,,,79.0,140e0f0cad708278ade0984528fe8493,1
276,279,192.168.64.11,82.65.58.162,116,37184,9001,0x0304,0x304,www.eutdmt7k7j26m7z.com,18.0,False,False,2.0,1.0,23.0,0x1302,23.0,3.0,23.0,,,,,79.0,140e0f0cad708278ade0984528fe8493,1
277,280,192.168.64.11,192.99.152.50,34,57556,9001,0x0304,0x304,www.qkdtbxkq.com,18.0,False,False,2.0,1.0,23.0,0x1302,23.0,3.0,23.0,,,,,79.0,140e0f0cad708278ade0984528fe8493,1
278,281,192.168.64.11,192.99.152.50,128,57504,9001,0x0304,0x304,www.w7fh2rrfz5p7be6zdcyk3i6ce.com,18.0,False,False,2.0,1.0,23.0,0x1302,23.0,3.0,23.0,,,,,79.0,140e0f0cad708278ade0984528fe8493,1
279,282,192.168.64.11,82.65.58.162,23,37160,9001,0x0304,0x304,www.44wmpghqalriuaqnlg.com,18.0,False,False,2.0,1.0,23.0,0x1302,23.0,3.0,23.0,,,,,79.0,140e0f0cad708278ade0984528fe8493,1
280,283,192.168.64.11,192.99.152.50,93,58506,9001,0x0304,0x304,www.mqrhyap.com,18.0,False,False,2.0,1.0,23.0,0x1302,23.0,3.0,23.0,,,,,79.0,140e0f0cad708278ade0984528fe8493,1
281,284,192.168.64.11,82.65.58.162,21,38150,9001,0x0304,0x304,www.ru6njy7meajxpcmiye3qrm6.com,18.0,False,False,2.0,1.0,23.0,0x1302,23.0,3.0,23.0,,,,,79.0,140e0f0cad708278ade0984528fe8493,1
282,285,192.168.64.11,82.65.58.162,82,37290,9001,0x0304,0x304,www.patuk7ftj.com,18.0,False,False,2.0,1.0,23.0,0x1302,23.0,3.0,23.0,,,,,79.0,140e0f0cad708278ade0984528fe8493,1
283,286,192.168.64.11,192.99.152.50,29,57662,9001,0x0304,0x304,www.3rljlpull.com,18.0,False,False,2.0,1.0,23.0,0x1302,23.0,3.0,23.0,,,,,79.0,140e0f0cad708278ade0984528fe8493,1
284,287,192.168.64.11,82.65.58.162,89,38224,9001,0x0304,0x304,www.5fdrszmv3e2xm.com,18.0,False,False,2.0,1.0,23.0,0x1302,23.0,3.0,23.0,,,,,79.0,140e0f0cad708278ade0984528fe8493,1
285,288,192.168.64.11,192.99.152.50,54,58594,9001,0x0304,0x304,www.cdkduldkfgax7aff.com,18.0,False,False,2.0,1.0,23.0,0x1302,23.0,3.0,23.0,,,,,79.0,140e0f0cad708278ade0984528fe8493,1
286,289,192.168.64.11,82.65.58.162,93,36574,9001,0x0304,0x304,www.4vt4am.com,18.0,False,False,2.0,1.0,23.0,0x1302,23.0,3.0,23.0,,,,,79.0,140e0f0cad708278ade0984528fe8493,1
287,290,192.168.64.11,192.99.152.50,28,56938,9001,0x0304,0x304,www.jbkzp6wopufqmm.com,18.0,False,False,2.0,1.0,23.0,0x1302,23.0,3.0,23.0,,,,,79.0,140e0f0cad708278ade0984528fe8493,1
288,291,192.168.64.11,192.99.152.50,110,57012,9001,0x0304,0x304,www.lbhyu.com,18.0,False,False,2.0,1.0,23.0,0x1302,23.0,3.0,23.0,,,,,79.0,140e0f0cad708278ade0984528fe8493,1
289,292,192.168.64.11,82.65.58.162,22,36666,9001,0x0304,0x304,www.picm.com,18.0,False,False,2.0,1.0,23.0,0x1302,23.0,3.0,23.0,,,,,79.0,140e0f0cad708278ade0984528fe8493,1
290,293,192.168.64.11,82.65.58.162,63,36954,9001,0x0304,0x304,www.pniywqhwm2v3evsoc7yq.com,18.0,False,False,2.0,1.0,23.0,0x1302,23.0,3.0,23.0,,,,,79.0,140e0f0cad708278ade0984528fe8493,1
291,294,192.168.64.11,192.99.152.50,49,57314,9001,0x0304,0x304,www.fte6spg5kh.com,18.0,False,False,2.0,1.0,23.0,0x1302,23.0,3.0,23.0,,,,,79.0,140e0f0cad708278ade0984528fe8493,1
292,295,192.168.64.11,82.65.58.162,112,36534,9001,0x0304,0x304,www.exicpb5mkgql7ox3d2adalijn.com,18.0,False,False,2.0,1.0,23.0,0x1302,23.0,3.0,23.0,,,,,79.0,140e0f0cad708278ade0984528fe8493,1
293,296,192.168.64.11,192.99.152.50,64,56898,9001,0x0304,0x304,www.2ytzhsghamnebzze6zdxa.com,18.0,False,False,2.0,1.0,23.0,0x1302,23.0,3.0,23.0,,,,,79.0,140e0f0cad708278ade0984528fe8493,1
294,297,192.168.64.11,192.99.152.50,136,57788,9001,0x0304,0x304,www.bto6kvnwthmxkw5gdtdajhqzh.com,18.0,False,False,2.0,1.0,23.0,0x1302,23.0,3.0,23.0,,,,,79.0,140e0f0cad708278ade0984528fe8493,1
295,298,192.168.64.11,82.65.58.162,28,37442,9001,0x0304,0x304,www.pr5xurj7pulllcbdvl3e.com,18.0,False,False,2.0,1.0,23.0,0x1302,23.0,3.0,23.0,,,,,79.0,140e0f0cad708278ade0984528fe8493,1
296,299,192.168.64.11,192.99.152.50,103,57130,9001,0x0304,0x304,www.d47rd4rgudi2u4p.com,18.0,False,False,2.0,1.0,23.0,0x1302,23.0,3.0,23.0,,,,,79.0,140e0f0cad708278ade0984528fe8493,1
297,300,192.168.64.11,82.65.58.162,27,36778,9001,0x0304,0x304,www.7rxpkcktv.com,18.0,False,False,2.0,1.0,23.0,0x1302,23.0,3.0,23.0,,,,,79.0,140e0f0cad708278ade0984528fe8493,1
298,301,192.168.64.11,82.65.58.162,38,37324,9001,0x0304,0x304,www.4s2olaox6wnt6.com,18.0,False,False,2.0,1.0,23.0,0x1302,23.0,3.0,23.0,,,,,79.0,140e0f0cad708278ade0984528fe8493,1
299,302,192.168.64.11,192.99.152.50,93,57692,9001,0x0304,0x304,www.i3h3q4zymt.com,18.0,False,False,2.0,1.0,23.0,0x1302,23.0,3.0,23.0,,,,,79.0,140e0f0cad708278ade0984528fe8493,1
300,303,192.168.64.11,82.65.58.162,71,36988,9001,0x0304,0x304,www.e2jc2e3gkda26q56dfcbtfai.com,18.0,False,False,2.0,1.0,23.0,0x1302,23.0,3.0,23.0,,,,,79.0,140e0f0cad708278ade0984528fe8493,1
301,304,192.168.64.11,192.99.152.50,24,57372,9001,0x0304,0x304,www.ndm7ugkju5c6m3d6fw7zrsq.com,18.0,False,False,2.0,1.0,23.0,0x1302,23.0,3.0,23.0,,,,,79.0,140e0f0cad708278ade0984528fe8493,1
302,305,192.168.64.11,82.65.58.162,131,37664,9001,0x0304,0x304,www.cbnohv.com,18.0,False,False,2.0,1.0,23.0,0x1302,23.0,3.0,23.0,,,,,79.0,140e0f0cad708278ade0984528fe8493,1
303,306,192.168.64.11,192.99.152.50,29,58046,9001,0x0304,0x304,www.tzlgst54ekaharsrj.com,18.0,False,False,2.0,1.0,23.0,0x1302,23.0,3.0,23.0,,,,,79.0,140e0f0cad708278ade0984528fe8493,1
304,307,192.168.64.11,82.65.58.162,74,37392,9001,0x0304,0x304,www.qjkawewhu.com,18.0,False,False,2.0,1.0,23.0,0x1302,23.0,3.0,23.0,,,,,79.0,140e0f0cad708278ade0984528fe8493,1
305,308,192.168.64.11,192.99.152.50,43,57768,9001,0x0304,0x304,www.c2oddams4culbmg2ohsv7ty.com,18.0,False,False,2.0,1.0,23.0,0x1302,23.0,3.0,23.0,,,,,79.0,140e0f0cad708278ade0984528fe8493,1
306,309,192.168.64.11,192.99.152.50,70,47634,9001,0x0304,0x304,www.txfi.com,18.0,False,False,2.0,1.0,23.0,0x1302,23.0,3.0,23.0,,,,,79.0,140e0f0cad708278ade0984528fe8493,1
307,310,192.168.64.11,82.65.58.162,34,55534,9001,0x0304,0x304,www.kgq3aesjyadqmkr3bfy6f7nzh.com,18.0,False,False,2.0,1.0,23.0,0x1302,23.0,3.0,23.0,,,,,79.0,140e0f0cad708278ade0984528fe8493,1
308,311,192.168.64.11,192.99.152.50,112,58472,9001,0x0304,0x304,www.3vkhh3devmuzik.com,18.0,False,False,2.0,1.0,23.0,0x1302,23.0,3.0,23.0,,,,,79.0,140e0f0cad708278ade0984528fe8493,1
309,312,192.168.64.11,82.65.58.162,36,38128,9001,0x0304,0x304,www.kr3gg4xszudgww.com,18.0,False,False,2.0,1.0,23.0,0x1302,23.0,3.0,23.0,,,,,79.0,140e0f0cad708278ade0984528fe8493,1
310,313,192.168.64.11,82.65.58.162,87,37256,9001,0x0304,0x304,www.ic6ocw.com,18.0,False,False,2.0,1.0,23.0,0x1302,23.0,3.0,23.0,,,,,79.0,140e0f0cad708278ade0984528fe8493,1
311,314,192.168.64.11,192.99.152.50,22,57620,9001,0x0304,0x304,www.52fbltr7.com,18.0,False,False,2.0,1.0,23.0,0x1302,23.0,3.0,23.0,,,,,79.0,140e0f0cad708278ade0984528fe8493,1
312,315,192.168.64.11,82.65.58.162,69,37960,9001,0x0304,0x304,www.r4bp2zqk3pvxv.com,18.0,False,False,2.0,1.0,23.0,0x1302,23.0,3.0,23.0,,,,,79.0,140e0f0cad708278ade0984528fe8493,1
313,316,192.168.64.11,192.99.152.50,32,58330,9001,0x0304,0x304,www.2unm4h3.com,18.0,False,False,2.0,1.0,23.0,0x1302,23.0,3.0,23.0,,,,,79.0,140e0f0cad708278ade0984528fe8493,1
314,317,192.168.64.11,192.99.152.50,80,57580,9001,0x0304,0x304,www.jxnb2z.com,18.0,False,False,2.0,1.0,23.0,0x1302,23.0,3.0,23.0,,,,,79.0,140e0f0cad708278ade0984528fe8493,1
315,318,192.168.64.11,82.65.58.162,44,37228,9001,0x0304,0x304,www.xjc2tivopdz373hvzlrjrgx27.com,18.0,False,False,2.0,1.0,23.0,0x1302,23.0,3.0,23.0,,,,,79.0,140e0f0cad708278ade0984528fe8493,1
316,320,192.168.64.11,82.65.58.162,14,55166,9001,0x0304,0x304,www.ehy45ntnusczl4nqqkn47eg.com,18.0,False,False,2.0,1.0,23.0,0x1302,23.0,3.0,23.0,,,,,79.0,140e0f0cad708278ade0984528fe8493,1
317,321,192.168.64.11,192.99.152.50,101,56774,9001,0x0304,0x304,www.sjp7lhwp2is25uzcw5.com,18.0,False,False,2.0,1.0,23.0,0x1302,23.0,3.0,23.0,,,,,79.0,140e0f0cad708278ade0984528fe8493,1
318,322,192.168.64.11,128.0.64.148,9,41198,443,0x0304,0x304,www.gww6sh6.com,18.0,False,False,2.0,1.0,23.0,0x1302,23.0,3.0,23.0,,,,,79.0,140e0f0cad708278ade0984528fe8493,1
319,323,192.168.64.11,82.65.58.162,43,36436,9001,0x0304,0x304,www.ura7exmhx2e.com,18.0,False,False,2.0,1.0,23.0,0x1302,23.0,3.0,23.0,,,,,79.0,140e0f0cad708278ade0984528fe8493,1
320,324,192.168.64.11,82.65.58.162,78,36878,9001,0x0304,0x304,www.ki27ajhcc2.com,18.0,False,False,2.0,1.0,23.0,0x1302,23.0,3.0,23.0,,,,,79.0,140e0f0cad708278ade0984528fe8493,1
321,325,192.168.64.11,192.99.152.50,30,57246,9001,0x0304,0x304,www.b45nxhz4nd6o4v5ikk.com,18.0,False,False,2.0,1.0,23.0,0x1302,23.0,3.0,23.0,,,,,79.0,140e0f0cad708278ade0984528fe8493,1
322,326,192.168.64.11,192.99.152.50,123,57906,9001,0x0304,0x304,www.3lxnct5m5aqjnac7x4e.com,18.0,False,False,2.0,1.0,23.0,0x1302,23.0,3.0,23.0,,,,,79.0,140e0f0cad708278ade0984528fe8493,1
323,327,192.168.64.11,82.65.58.162,38,37562,9001,0x0304,0x304,www.wlmzgbsnhgyxzteb2ehnhsdu.com,18.0,False,False,2.0,1.0,23.0,0x1302,23.0,3.0,23.0,,,,,79.0,140e0f0cad708278ade0984528fe8493,1
324,328,192.168.64.11,82.65.58.162,107,37702,9001,0x0304,0x304,www.uchogdf4b.com,18.0,False,False,2.0,1.0,23.0,0x1302,23.0,3.0,23.0,,,,,79.0,140e0f0cad708278ade0984528fe8493,1
325,329,192.168.64.11,192.99.152.50,42,58066,9001,0x0304,0x304,www.rnsy6qnqmyhsj4wj.com,18.0,False,False,2.0,1.0,23.0,0x1302,23.0,3.0,23.0,,,,,79.0,140e0f0cad708278ade0984528fe8493,1
326,330,192.168.64.11,82.65.58.162,116,37026,9001,0x0304,0x304,www.mtcr2rnwop7aqxwjdp.com,18.0,False,False,2.0,1.0,23.0,0x1302,23.0,3.0,23.0,,,,,79.0,140e0f0cad708278ade0984528fe8493,1
327,331,192.168.64.11,192.99.152.50,48,57402,9001,0x0304,0x304,www.onbsdqbnlnsqh.com,18.0,False,False,2.0,1.0,23.0,0x1302,23.0,3.0,23.0,,,,,79.0,140e0f0cad708278ade0984528fe8493,1
328,333,192.168.64.11,192.99.152.50,87,58548,9001,0x0304,0x304,www.xl5hy4bk4jazoc.com,18.0,False,False,2.0,1.0,23.0,0x1302,23.0,3.0,23.0,,,,,79.0,140e0f0cad708278ade0984528fe8493,1
329,334,192.168.64.11,82.65.58.162,23,38196,9001,0x0304,0x304,www.wgga6runte563fa5nngkw4.com,18.0,False,False,2.0,1.0,23.0,0x1302,23.0,3.0,23.0,,,,,79.0,140e0f0cad708278ade0984528fe8493,1
330,335,192.168.64.11,82.65.58.162,58,55204,9001,0x0304,0x304,www.7elvhq7lr5wpelzgz7bazhm.com,18.0,False,False,2.0,1.0,23.0,0x1302,23.0,3.0,23.0,,,,,79.0,140e0f0cad708278ade0984528fe8493,1
331,336,192.168.64.11,192.99.152.50,19,47308,9001,0x0304,0x304,www.2onku7tirw64yv.com,18.0,False,False,2.0,1.0,23.0,0x1302,23.0,3.0,23.0,,,,,79.0,140e0f0cad708278ade0984528fe8493,1
332,337,192.168.64.11,82.65.58.162,109,36730,9001,0x0304,0x304,www.zwizqz6alwd6a.com,18.0,False,False,2.0,1.0,23.0,0x1302,23.0,3.0,23.0,,,,,79.0,140e0f0cad708278ade0984528fe8493,1
333,338,192.168.64.11,192.99.152.50,46,57106,9001,0x0304,0x304,www.45ncsszhpfl2yr6y.com,18.0,False,False,2.0,1.0,23.0,0x1302,23.0,3.0,23.0,,,,,79.0,140e0f0cad708278ade0984528fe8493,1
334,339,192.168.64.11,192.99.152.50,121,58626,9001,0x0304,0x304,www.vjqkuqjdbu.com,18.0,False,False,2.0,1.0,23.0,0x1302,23.0,3.0,23.0,,,,,79.0,140e0f0cad708278ade0984528fe8493,1
335,340,192.168.64.11,82.65.58.162,48,38280,9001,0x0304,0x304,www.ds5urpegjvgewg.com,18.0,False,False,2.0,1.0,23.0,0x1302,23.0,3.0,23.0,,,,,79.0,140e0f0cad708278ade0984528fe8493,1
337,341,192.168.64.11,82.65.58.162,106,37066,9001,0x0304,0x304,www.xa33wnbhasumnll3finw.com,18.0,False,False,2.0,1.0,23.0,0x1302,23.0,3.0,23.0,,,,,79.0,140e0f0cad708278ade0984528fe8493,1
338,342,192.168.64.11,192.99.152.50,51,57434,9001,0x0304,0x304,www.vle2b.com,18.0,False,False,2.0,1.0,23.0,0x1302,23.0,3.0,23.0,,,,,79.0,140e0f0cad708278ade0984528fe8493,1
339,343,192.168.64.11,192.99.152.50,78,57166,9001,0x0304,0x304,www.adnlimhextceidu.com,18.0,False,False,2.0,1.0,23.0,0x1302,23.0,3.0,23.0,,,,,79.0,140e0f0cad708278ade0984528fe8493,1
340,344,192.168.64.11,82.65.58.162,33,36814,9001,0x0304,0x304,www.dybp5mnzy6lxxs77ayzxn.com,18.0,False,False,2.0,1.0,23.0,0x1302,23.0,3.0,23.0,,,,,79.0,140e0f0cad708278ade0984528fe8493,1
341,345,192.168.64.11,82.65.58.162,133,37510,9001,0x0304,0x304,www.mdyswx476xp.com,18.0,False,False,2.0,1.0,23.0,0x1302,23.0,3.0,23.0,,,,,79.0,140e0f0cad708278ade0984528fe8493,1
342,346,192.168.64.11,192.99.152.50,36,57890,9001,0x0304,0x304,www.j5em5aitbgauayz.com,18.0,False,False,2.0,1.0,23.0,0x1302,23.0,3.0,23.0,,,,,79.0,140e0f0cad708278ade0984528fe8493,1
343,347,192.168.64.11,82.65.58.162,87,36916,9001,0x0304,0x304,www.uwetalwt5ueee.com,18.0,False,False,2.0,1.0,23.0,0x1302,23.0,3.0,23.0,,,,,79.0,140e0f0cad708278ade0984528fe8493,1
344,348,192.168.64.11,192.99.152.50,23,57286,9001,0x0304,0x304,www.en3xowmdirdsthfo.com,18.0,False,False,2.0,1.0,23.0,0x1302,23.0,3.0,23.0,,,,,79.0,140e0f0cad708278ade0984528fe8493,1
345,349,192.168.64.11,82.65.58.162,89,37472,9001,0x0304,0x304,www.lapixnf.com,18.0,False,False,2.0,1.0,23.0,0x1302,23.0,3.0,23.0,,,,,79.0,140e0f0cad708278ade0984528fe8493,1
346,350,192.168.64.11,192.99.152.50,68,57838,9001,0x0304,0x304,www.2uxvp5qfw4ctadmni.com,18.0,False,False,2.0,1.0,23.0,0x1302,23.0,3.0,23.0,,,,,79.0,140e0f0cad708278ade0984528fe8493,1
