stream_index,source_ip,dest_ip,pkt_count,tcp_src_port,tcp_dest_port,tls_version,tls_max_client_tls_version,tls_cipher_suites_length,tls_is_heartbeat_present,tls_is_record_limit_extension_present,tls_supported_group_length,tls_sig_hash_alg_length,tls_cert_length,tls_cert_size,tls_cert_begin,tls_cert_end,tls_issuer,tls_algorithm_id,tls_handshake_ciphersuite,tls_handshake_extensions_length,tls_handshake_server_curve_type,tls_handshake_server_named_curve,tls_handshake_echde_server_pubkey_len,tls_handshake_echde_client_pubkey_len,tls_server_name,tls_ja3_hash
0,192.168.64.11,94.140.114.216,3,39094,9002,,,,,,,,,,,,,,,,,,,,,
1,77.246.159.165,192.168.64.11,4,443,46648,,,,,,,,,,,,,,,,,,,,,
2,192.168.64.11,45.142.176.96,39,53950,9000,0x0303,0x303,14,TRUE,FALSE,13,15,1,582,2022-06-16 00:00:00 (UTC),2022-11-11 00:00:00 (UTC),www.pvhcgowdqc5eg7.com,1.2.840.113549.1.1.11,0xc030,13,,,,,www.uvdo4.com,83d60721ecc423892660e275acc4dffd
3,192.168.64.11,172.241.227.151,25,41448,443,0x0303,0x303,14,TRUE,FALSE,13,15,1,576,2022-06-12 00:00:00 (UTC),2022-11-15 23:59:59 (UTC),www.bwbp65xslo5.com,1.2.840.113549.1.1.11,0xc030,13,,,,,www.if4zrcvz65ebumfjio.com,83d60721ecc423892660e275acc4dffd
4,192.168.64.11,195.90.201.93,25,40130,9100,0x0303,0x303,14,TRUE,FALSE,13,15,1,579,2022-07-02 00:00:00 (UTC),2022-07-08 00:00:00 (UTC),www.pa6dioa4k4.com,1.2.840.113549.1.1.11,0xc030,13,,,,,www.4dgflfe.com,83d60721ecc423892660e275acc4dffd
5,192.168.64.11,172.241.227.151,13,41378,443,0x0303,0x303,14,TRUE,FALSE,13,15,1,576,2022-06-12 00:00:00 (UTC),2022-11-15 23:59:59 (UTC),www.bwbp65xslo5.com,1.2.840.113549.1.1.11,0xc030,13,,,,,www.qqod5zpsq7ksv.com,83d60721ecc423892660e275acc4dffd
6,192.168.64.11,45.142.176.96,31,53894,9000,0x0303,0x303,14,TRUE,FALSE,13,15,1,582,2022-06-16 00:00:00 (UTC),2022-11-11 00:00:00 (UTC),www.pvhcgowdqc5eg7.com,1.2.840.113549.1.1.11,0xc030,13,,,,,www.o6ohdn2n7qqzkxst5g.com,83d60721ecc423892660e275acc4dffd
7,192.168.64.11,172.241.227.151,13,41390,443,0x0303,0x303,14,TRUE,FALSE,13,15,1,576,2022-06-12 00:00:00 (UTC),2022-11-15 23:59:59 (UTC),www.bwbp65xslo5.com,1.2.840.113549.1.1.11,0xc030,13,,,,,www.vunlpqnz6y.com,83d60721ecc423892660e275acc4dffd
8,192.168.64.11,195.90.201.93,44,40258,9100,0x0303,0x303,14,TRUE,FALSE,13,15,1,579,2022-07-02 00:00:00 (UTC),2022-07-08 00:00:00 (UTC),www.pa6dioa4k4.com,1.2.840.113549.1.1.11,0xc030,13,,,,,www.v3sczul4rjs76oecgevi.com,83d60721ecc423892660e275acc4dffd
9,192.168.64.11,45.142.176.96,19,54018,9000,0x0303,0x303,14,TRUE,FALSE,13,15,1,582,2022-06-16 00:00:00 (UTC),2022-11-11 00:00:00 (UTC),www.pvhcgowdqc5eg7.com,1.2.840.113549.1.1.11,0xc030,13,,,,,www.mdmrplzuflp4ghnknnucjg.com,83d60721ecc423892660e275acc4dffd
10,192.168.64.11,172.241.227.151,21,41488,443,0x0303,0x303,14,TRUE,FALSE,13,15,1,576,2022-06-12 00:00:00 (UTC),2022-11-15 23:59:59 (UTC),www.bwbp65xslo5.com,1.2.840.113549.1.1.11,0xc030,13,,,,,www.gq3gq5n5nl.com,83d60721ecc423892660e275acc4dffd
11,192.168.64.11,195.90.201.93,25,40244,9100,0x0303,0x303,14,TRUE,FALSE,13,15,1,579,2022-07-02 00:00:00 (UTC),2022-07-08 00:00:00 (UTC),www.pa6dioa4k4.com,1.2.840.113549.1.1.11,0xc030,13,,,,,www.tes5g23jo37bh.com,83d60721ecc423892660e275acc4dffd
12,192.168.64.11,45.142.176.96,13,54006,9000,0x0303,0x303,14,TRUE,FALSE,13,15,1,582,2022-06-16 00:00:00 (UTC),2022-11-11 00:00:00 (UTC),www.pvhcgowdqc5eg7.com,1.2.840.113549.1.1.11,0xc030,13,,,,,www.c3kj.com,83d60721ecc423892660e275acc4dffd
13,192.168.64.11,81.179.123.62,37,37772,9001,0x0303,0x303,14,TRUE,FALSE,13,15,1,586,2022-01-25 00:00:00 (UTC),2023-01-15 23:59:59 (UTC),www.rxyggcfvqynlanb.com,1.2.840.113549.1.1.11,0xc030,13,,,,,www.d5arkqeylwjqtnfsywbyi5.com,83d60721ecc423892660e275acc4dffd
14,192.168.64.11,104.217.250.206,18,56672,443,0x0303,0x303,14,TRUE,FALSE,13,15,1,585,2021-10-02 00:00:00 (UTC),2022-09-23 23:59:59 (UTC),www.jzqow2rec76kaxl.com,1.2.840.113549.1.1.11,0xc030,13,,,,,www.7oq6sfhxsftxcbw3ziniy.com,83d60721ecc423892660e275acc4dffd
15,192.168.64.11,185.239.222.248,13,41596,443,0x0303,0x303,14,TRUE,FALSE,13,15,1,592,2022-02-08 00:00:00 (UTC),2022-08-15 00:00:00 (UTC),www.ulkbkvp6te4xzyueuhp.com,1.2.840.113549.1.1.11,0xc030,13,,,,,www.ufvmyh7t6h6ycikwe.com,83d60721ecc423892660e275acc4dffd
16,192.168.64.11,45.142.176.96,30,53964,9000,0x0303,0x303,14,TRUE,FALSE,13,15,1,582,2022-06-16 00:00:00 (UTC),2022-11-11 00:00:00 (UTC),www.pvhcgowdqc5eg7.com,1.2.840.113549.1.1.11,0xc030,13,,,,,www.kqpdeznbrn4j.com,83d60721ecc423892660e275acc4dffd
17,192.168.64.11,172.241.227.151,14,41458,443,0x0303,0x303,14,TRUE,FALSE,13,15,1,576,2022-06-12 00:00:00 (UTC),2022-11-15 23:59:59 (UTC),www.bwbp65xslo5.com,1.2.840.113549.1.1.11,0xc030,13,,,,,www.6sufksq6tqc2.com,83d60721ecc423892660e275acc4dffd
18,192.168.64.11,195.90.201.93,25,40220,9100,0x0303,0x303,14,TRUE,FALSE,13,15,1,579,2022-07-02 00:00:00 (UTC),2022-07-08 00:00:00 (UTC),www.pa6dioa4k4.com,1.2.840.113549.1.1.11,0xc030,13,,,,,www.tun6fzbw6hekmkqhz5ya7.com,83d60721ecc423892660e275acc4dffd
19,192.168.64.11,45.142.176.96,45,53920,9000,0x0303,0x303,14,TRUE,FALSE,13,15,1,582,2022-06-16 00:00:00 (UTC),2022-11-11 00:00:00 (UTC),www.pvhcgowdqc5eg7.com,1.2.840.113549.1.1.11,0xc030,13,,,,,www.tpsq22ignb7nelni5u6ype.com,83d60721ecc423892660e275acc4dffd
20,192.168.64.11,172.241.227.151,14,41418,443,0x0303,0x303,14,TRUE,FALSE,13,15,1,576,2022-06-12 00:00:00 (UTC),2022-11-15 23:59:59 (UTC),www.bwbp65xslo5.com,1.2.840.113549.1.1.11,0xc030,13,,,,,www.5afiid6fis.com,83d60721ecc423892660e275acc4dffd
21,192.168.64.11,195.90.201.93,13,40176,9100,0x0303,0x303,14,TRUE,FALSE,13,15,1,579,2022-07-02 00:00:00 (UTC),2022-07-08 00:00:00 (UTC),www.pa6dioa4k4.com,1.2.840.113549.1.1.11,0xc030,13,,,,,www.qe4h4hvfmbmc2f.com,83d60721ecc423892660e275acc4dffd
22,192.168.64.11,81.179.123.62,40,37788,9001,0x0303,0x303,14,TRUE,FALSE,13,15,1,586,2022-01-25 00:00:00 (UTC),2023-01-15 23:59:59 (UTC),www.rxyggcfvqynlanb.com,1.2.840.113549.1.1.11,0xc030,13,,,,,www.rgdecvoqlpwj7b3wt.com,83d60721ecc423892660e275acc4dffd
23,192.168.64.11,104.217.250.206,13,56690,443,0x0303,0x303,14,TRUE,FALSE,13,15,1,585,2021-10-02 00:00:00 (UTC),2022-09-23 23:59:59 (UTC),www.jzqow2rec76kaxl.com,1.2.840.113549.1.1.11,0xc030,13,,,,,www.jhczvvouqru64nv4ras2dije.com,83d60721ecc423892660e275acc4dffd
24,192.168.64.11,185.239.222.248,19,41612,443,0x0303,0x303,14,TRUE,FALSE,13,15,1,592,2022-02-08 00:00:00 (UTC),2022-08-15 00:00:00 (UTC),www.ulkbkvp6te4xzyueuhp.com,1.2.840.113549.1.1.11,0xc030,13,,,,,www.qazcnjaefjbj2doib.com,83d60721ecc423892660e275acc4dffd
25,192.168.64.11,45.142.176.96,27,53980,9000,0x0303,0x303,14,TRUE,FALSE,13,15,1,582,2022-06-16 00:00:00 (UTC),2022-11-11 00:00:00 (UTC),www.pvhcgowdqc5eg7.com,1.2.840.113549.1.1.11,0xc030,13,,,,,www.crcjqxooul4sifvm433xia.com,83d60721ecc423892660e275acc4dffd
26,192.168.64.11,195.90.201.93,20,40232,9100,0x0303,0x303,14,TRUE,FALSE,13,15,1,579,2022-07-02 00:00:00 (UTC),2022-07-08 00:00:00 (UTC),www.pa6dioa4k4.com,1.2.840.113549.1.1.11,0xc030,13,,,,,www.7cgi7xfu6bbd7jnm.com,83d60721ecc423892660e275acc4dffd
27,192.168.64.11,172.241.227.151,25,41482,443,0x0303,0x303,14,TRUE,FALSE,13,15,1,576,2022-06-12 00:00:00 (UTC),2022-11-15 23:59:59 (UTC),www.bwbp65xslo5.com,1.2.840.113549.1.1.11,0xc030,13,,,,,www.bjkt25euuukpmlvdbcl2c7.com,83d60721ecc423892660e275acc4dffd
28,192.168.64.11,185.239.222.248,39,41634,443,0x0303,0x303,14,TRUE,FALSE,13,15,1,592,2022-02-08 00:00:00 (UTC),2022-08-15 00:00:00 (UTC),www.ulkbkvp6te4xzyueuhp.com,1.2.840.113549.1.1.11,0xc030,13,,,,,www.qyehsog6pils7cioatm.com,83d60721ecc423892660e275acc4dffd
29,192.168.64.11,81.179.123.62,13,37828,9001,0x0303,0x303,14,TRUE,FALSE,13,15,1,586,2022-01-25 00:00:00 (UTC),2023-01-15 23:59:59 (UTC),www.rxyggcfvqynlanb.com,1.2.840.113549.1.1.11,0xc030,13,,,,,www.xiefl4qhaih3me.com,83d60721ecc423892660e275acc4dffd
30,192.168.64.11,104.217.250.206,18,56724,443,0x0303,0x303,14,TRUE,FALSE,13,15,1,585,2021-10-02 00:00:00 (UTC),2022-09-23 23:59:59 (UTC),www.jzqow2rec76kaxl.com,1.2.840.113549.1.1.11,0xc030,13,,,,,www.qyyg.com,83d60721ecc423892660e275acc4dffd
31,192.168.64.11,185.125.188.60,17,54800,443,0x0304,0x304,19,FALSE,FALSE,4,12,,,,,,,0x1302,46,,,,,api.snapcraft.io,df669e7ea913f1ac0c0cce9a201a2ec1
32,192.168.64.11,172.241.227.151,36,41534,443,0x0303,0x303,14,TRUE,FALSE,13,15,1,576,2022-06-12 00:00:00 (UTC),2022-11-15 23:59:59 (UTC),www.bwbp65xslo5.com,1.2.840.113549.1.1.11,0xc030,13,,,,,www.s7ytrhakpujmwmleb7aen.com,83d60721ecc423892660e275acc4dffd
33,192.168.64.11,45.142.176.96,20,54048,9000,0x0303,0x303,14,TRUE,FALSE,13,15,1,582,2022-06-16 00:00:00 (UTC),2022-11-11 00:00:00 (UTC),www.pvhcgowdqc5eg7.com,1.2.840.113549.1.1.11,0xc030,13,,,,,www.h5bbapwc64wxzkb.com,83d60721ecc423892660e275acc4dffd
34,192.168.64.11,195.90.201.93,13,40298,9100,0x0303,0x303,14,TRUE,FALSE,13,15,1,579,2022-07-02 00:00:00 (UTC),2022-07-08 00:00:00 (UTC),www.pa6dioa4k4.com,1.2.840.113549.1.1.11,0xc030,13,,,,,www.ydc46bvl7net2o3imwk.com,83d60721ecc423892660e275acc4dffd
35,192.168.64.11,195.90.201.93,48,40182,9100,0x0303,0x303,14,TRUE,FALSE,13,15,1,579,2022-07-02 00:00:00 (UTC),2022-07-08 00:00:00 (UTC),www.pa6dioa4k4.com,1.2.840.113549.1.1.11,0xc030,13,,,,,www.opxh7dxdg76vcl7.com,83d60721ecc423892660e275acc4dffd
36,192.168.64.11,45.142.176.96,13,53944,9000,0x0303,0x303,14,TRUE,FALSE,13,15,1,582,2022-06-16 00:00:00 (UTC),2022-11-11 00:00:00 (UTC),www.pvhcgowdqc5eg7.com,1.2.840.113549.1.1.11,0xc030,13,,,,,www.nrp2yptlgka2wmc.com,83d60721ecc423892660e275acc4dffd
37,23.111.143.202,192.168.64.11,2,443,41096,,,,,,,,,,,,,,,,,,,,,
38,192.168.64.11,81.179.123.62,38,37692,9001,0x0303,0x303,14,TRUE,FALSE,13,15,1,586,2022-01-25 00:00:00 (UTC),2023-01-15 23:59:59 (UTC),www.rxyggcfvqynlanb.com,1.2.840.113549.1.1.11,0xc030,13,,,,,www.tnralpi.com,83d60721ecc423892660e275acc4dffd
39,192.168.64.11,104.217.250.206,19,56588,443,0x0303,0x303,14,TRUE,FALSE,13,15,1,585,2021-10-02 00:00:00 (UTC),2022-09-23 23:59:59 (UTC),www.jzqow2rec76kaxl.com,1.2.840.113549.1.1.11,0xc030,13,,,,,www.q6bvqm4tafxmkkmzxiz4jh.com,83d60721ecc423892660e275acc4dffd
40,192.168.64.11,185.239.222.248,14,41516,443,0x0303,0x303,14,TRUE,FALSE,13,15,1,592,2022-02-08 00:00:00 (UTC),2022-08-15 00:00:00 (UTC),www.ulkbkvp6te4xzyueuhp.com,1.2.840.113549.1.1.11,0xc030,13,,,,,www.745pgsyi.com,83d60721ecc423892660e275acc4dffd
41,192.168.64.11,172.241.227.151,31,41518,443,0x0303,0x303,14,TRUE,FALSE,13,15,1,576,2022-06-12 00:00:00 (UTC),2022-11-15 23:59:59 (UTC),www.bwbp65xslo5.com,1.2.840.113549.1.1.11,0xc030,13,,,,,www.v7nx6e6tqvcjoe7n2guor7mx.com,83d60721ecc423892660e275acc4dffd
42,192.168.64.11,45.142.176.96,31,54032,9000,0x0303,0x303,14,TRUE,FALSE,13,15,1,582,2022-06-16 00:00:00 (UTC),2022-11-11 00:00:00 (UTC),www.pvhcgowdqc5eg7.com,1.2.840.113549.1.1.11,0xc030,13,,,,,www.gap3gsovc2645647gvtp2hflb.com,83d60721ecc423892660e275acc4dffd
43,192.168.64.11,185.239.222.248,37,41522,443,0x0303,0x303,14,TRUE,FALSE,13,15,1,592,2022-02-08 00:00:00 (UTC),2022-08-15 00:00:00 (UTC),www.ulkbkvp6te4xzyueuhp.com,1.2.840.113549.1.1.11,0xc030,13,,,,,www.tsns4gjoe6mjunc.com,83d60721ecc423892660e275acc4dffd
44,192.168.64.11,81.179.123.62,19,37716,9001,0x0303,0x303,14,TRUE,FALSE,13,15,1,586,2022-01-25 00:00:00 (UTC),2023-01-15 23:59:59 (UTC),www.rxyggcfvqynlanb.com,1.2.840.113549.1.1.11,0xc030,13,,,,,www.rrsab22kbffsipei7bnslk5h.com,83d60721ecc423892660e275acc4dffd
45,192.168.64.11,104.217.250.206,13,56612,443,0x0303,0x303,14,TRUE,FALSE,13,15,1,585,2021-10-02 00:00:00 (UTC),2022-09-23 23:59:59 (UTC),www.jzqow2rec76kaxl.com,1.2.840.113549.1.1.11,0xc030,13,,,,,www.g46oq.com,83d60721ecc423892660e275acc4dffd
46,192.168.64.11,45.142.176.96,32,54058,9000,0x0303,0x303,14,TRUE,FALSE,13,15,1,582,2022-06-16 00:00:00 (UTC),2022-11-11 00:00:00 (UTC),www.pvhcgowdqc5eg7.com,1.2.840.113549.1.1.11,0xc030,13,,,,,www.zkrtsvb4dnwwf.com,83d60721ecc423892660e275acc4dffd
47,192.168.64.11,172.241.227.151,25,41556,443,0x0303,0x303,14,TRUE,FALSE,13,15,1,576,2022-06-12 00:00:00 (UTC),2022-11-15 23:59:59 (UTC),www.bwbp65xslo5.com,1.2.840.113549.1.1.11,0xc030,13,,,,,www.lrmbtwvbe2t742lochepr7tuy.com,83d60721ecc423892660e275acc4dffd
48,192.168.64.11,195.90.201.93,13,40314,9100,0x0303,0x303,14,TRUE,FALSE,13,15,1,579,2022-07-02 00:00:00 (UTC),2022-07-08 00:00:00 (UTC),www.pa6dioa4k4.com,1.2.840.113549.1.1.11,0xc030,13,,,,,www.4yrekzudbae3oa3.com,83d60721ecc423892660e275acc4dffd
49,192.168.64.11,45.142.176.96,26,53904,9000,0x0303,0x303,14,TRUE,FALSE,13,15,1,582,2022-06-16 00:00:00 (UTC),2022-11-11 00:00:00 (UTC),www.pvhcgowdqc5eg7.com,1.2.840.113549.1.1.11,0xc030,13,,,,,www.d6e52in5vckjymtf3yhxp.com,83d60721ecc423892660e275acc4dffd
50,192.168.64.11,195.90.201.93,19,40158,9100,0x0303,0x303,14,TRUE,FALSE,13,15,1,579,2022-07-02 00:00:00 (UTC),2022-07-08 00:00:00 (UTC),www.pa6dioa4k4.com,1.2.840.113549.1.1.11,0xc030,13,,,,,www.kzx2a5m.com,83d60721ecc423892660e275acc4dffd
51,192.168.64.11,172.241.227.151,13,41406,443,0x0303,0x303,14,TRUE,FALSE,13,15,1,576,2022-06-12 00:00:00 (UTC),2022-11-15 23:59:59 (UTC),www.bwbp65xslo5.com,1.2.840.113549.1.1.11,0xc030,13,,,,,www.hyqzxbkzqf.com,83d60721ecc423892660e275acc4dffd
52,192.168.64.11,185.239.222.248,31,41538,443,0x0303,0x303,14,TRUE,FALSE,13,15,1,592,2022-02-08 00:00:00 (UTC),2022-08-15 00:00:00 (UTC),www.ulkbkvp6te4xzyueuhp.com,1.2.840.113549.1.1.11,0xc030,13,,,,,www.x222rruybdcnt6dmjoo6d.com,83d60721ecc423892660e275acc4dffd
53,192.168.64.11,104.217.250.206,19,56622,443,0x0303,0x303,14,TRUE,FALSE,13,15,1,585,2021-10-02 00:00:00 (UTC),2022-09-23 23:59:59 (UTC),www.jzqow2rec76kaxl.com,1.2.840.113549.1.1.11,0xc030,13,,,,,www.cmvqk3wmdp3vjdwwk6b.com,83d60721ecc423892660e275acc4dffd
54,192.168.64.11,81.179.123.62,19,37734,9001,0x0303,0x303,14,TRUE,FALSE,13,15,1,586,2022-01-25 00:00:00 (UTC),2023-01-15 23:59:59 (UTC),www.rxyggcfvqynlanb.com,1.2.840.113549.1.1.11,0xc030,13,,,,,www.s5om5tc2yq.com,83d60721ecc423892660e275acc4dffd
55,192.168.64.11,185.239.222.248,30,41570,443,0x0303,0x303,14,TRUE,FALSE,13,15,1,592,2022-02-08 00:00:00 (UTC),2022-08-15 00:00:00 (UTC),www.ulkbkvp6te4xzyueuhp.com,1.2.840.113549.1.1.11,0xc030,13,,,,,www.jqpkv.com,83d60721ecc423892660e275acc4dffd
56,192.168.64.11,81.179.123.62,29,37758,9001,0x0303,0x303,14,TRUE,FALSE,13,15,1,586,2022-01-25 00:00:00 (UTC),2023-01-15 23:59:59 (UTC),www.rxyggcfvqynlanb.com,1.2.840.113549.1.1.11,0xc030,13,,,,,www.xbwkis56nq6abeovbymrv.com,83d60721ecc423892660e275acc4dffd
57,192.168.64.11,104.217.250.206,14,56660,443,0x0303,0x303,14,TRUE,FALSE,13,15,1,585,2021-10-02 00:00:00 (UTC),2022-09-23 23:59:59 (UTC),www.jzqow2rec76kaxl.com,1.2.840.113549.1.1.11,0xc030,13,,,,,www.u7rernlj.com,83d60721ecc423892660e275acc4dffd
58,192.168.64.11,81.179.123.62,37,37836,9001,0x0303,0x303,14,TRUE,FALSE,13,15,1,586,2022-01-25 00:00:00 (UTC),2023-01-15 23:59:59 (UTC),www.rxyggcfvqynlanb.com,1.2.840.113549.1.1.11,0xc030,13,,,,,www.jkvhpcq4mps3x2q.com,83d60721ecc423892660e275acc4dffd
59,192.168.64.11,185.239.222.248,13,41652,443,0x0303,0x303,14,TRUE,FALSE,13,15,1,592,2022-02-08 00:00:00 (UTC),2022-08-15 00:00:00 (UTC),www.ulkbkvp6te4xzyueuhp.com,1.2.840.113549.1.1.11,0xc030,13,,,,,www.3u6h5yfapjqhy4xd7u.com,83d60721ecc423892660e275acc4dffd
60,192.168.64.11,104.217.250.206,19,56740,443,0x0303,0x303,14,TRUE,FALSE,13,15,1,585,2021-10-02 00:00:00 (UTC),2022-09-23 23:59:59 (UTC),www.jzqow2rec76kaxl.com,1.2.840.113549.1.1.11,0xc030,13,,,,,www.i6iubo23ydkpn6smgpegl.com,83d60721ecc423892660e275acc4dffd
61,192.168.64.11,185.239.222.248,38,41618,443,0x0303,0x303,14,TRUE,FALSE,13,15,1,592,2022-02-08 00:00:00 (UTC),2022-08-15 00:00:00 (UTC),www.ulkbkvp6te4xzyueuhp.com,1.2.840.113549.1.1.11,0xc030,13,,,,,www.6nead3xicd46oyg3eh4.com,83d60721ecc423892660e275acc4dffd
62,192.168.64.11,104.217.250.206,19,56704,443,0x0303,0x303,14,TRUE,FALSE,13,15,1,585,2021-10-02 00:00:00 (UTC),2022-09-23 23:59:59 (UTC),www.jzqow2rec76kaxl.com,1.2.840.113549.1.1.11,0xc030,13,,,,,www.ourpncu2uia6jxei4.com,83d60721ecc423892660e275acc4dffd
63,192.168.64.11,81.179.123.62,13,37814,9001,0x0303,0x303,14,TRUE,FALSE,13,15,1,586,2022-01-25 00:00:00 (UTC),2023-01-15 23:59:59 (UTC),www.rxyggcfvqynlanb.com,1.2.840.113549.1.1.11,0xc030,13,,,,,www.puwjbnbt2wwwaa.com,83d60721ecc423892660e275acc4dffd
64,192.168.64.11,185.239.222.248,37,41554,443,0x0303,0x303,14,TRUE,FALSE,13,15,1,592,2022-02-08 00:00:00 (UTC),2022-08-15 00:00:00 (UTC),www.ulkbkvp6te4xzyueuhp.com,1.2.840.113549.1.1.11,0xc030,13,,,,,www.pgva7hlo4dcnddog.com,83d60721ecc423892660e275acc4dffd
65,192.168.64.11,81.179.123.62,20,37742,9001,0x0303,0x303,14,TRUE,FALSE,13,15,1,586,2022-01-25 00:00:00 (UTC),2023-01-15 23:59:59 (UTC),www.rxyggcfvqynlanb.com,1.2.840.113549.1.1.11,0xc030,13,,,,,www.zdtndfrayg7qq.com,83d60721ecc423892660e275acc4dffd
66,192.168.64.11,104.217.250.206,13,56644,443,0x0303,0x303,14,TRUE,FALSE,13,15,1,585,2021-10-02 00:00:00 (UTC),2022-09-23 23:59:59 (UTC),www.jzqow2rec76kaxl.com,1.2.840.113549.1.1.11,0xc030,13,,,,,www.kg7hrx.com,83d60721ecc423892660e275acc4dffd
68,77.246.159.165,192.168.64.11,4,443,55176,,,,,,,,,,,,,,,,,,,,,
67,192.168.64.11,23.250.14.98,42,44690,443,0x0303,0x303,14,TRUE,FALSE,13,15,1,573,2022-06-26 00:00:00 (UTC),2022-07-21 23:59:59 (UTC),www.2irc7rvp.com,1.2.840.113549.1.1.11,0xc030,13,,,,,www.4aqwx4z3mek5p6pxewztq.com,83d60721ecc423892660e275acc4dffd
69,192.168.64.11,85.195.208.19,13,53842,9001,0x0303,0x303,14,TRUE,FALSE,13,15,1,591,2022-05-30 00:00:00 (UTC),2023-04-14 00:00:00 (UTC),www.gebjf35sofpg7574j6.com,1.2.840.113549.1.1.11,0xc030,13,,,,,www.bkpqzakgnii2.com,83d60721ecc423892660e275acc4dffd
70,192.168.64.11,158.69.207.216,13,48146,9001,0x0303,0x303,14,TRUE,FALSE,13,15,1,579,2022-03-14 00:00:00 (UTC),2022-12-07 23:59:59 (UTC),www.p7a73jny75.com,1.2.840.113549.1.1.11,0xc030,13,,,,,www.nunwic.com,83d60721ecc423892660e275acc4dffd
72,94.140.114.216,192.168.64.11,5,9002,48668,,,,,,,,,,,,,,,,,,,,,
74,192.168.64.11,51.15.78.0,37,52844,9001,0x0303,0x303,14,TRUE,FALSE,13,15,1,594,2022-06-29 00:00:00 (UTC),2022-07-26 23:59:59 (UTC),www.hxzbrlvxobluss7zobuq.com,1.2.840.113549.1.1.11,0xc030,13,,,,,www.xgk5sujr7dek26nu.com,83d60721ecc423892660e275acc4dffd
75,192.168.64.11,85.195.208.19,63,53588,9001,0x0303,0x303,14,TRUE,FALSE,13,15,1,591,2022-05-30 00:00:00 (UTC),2023-04-14 00:00:00 (UTC),www.gebjf35sofpg7574j6.com,1.2.840.113549.1.1.11,0xc030,13,,,,,www.jfodxu23mz7k6.com,83d60721ecc423892660e275acc4dffd
76,192.168.64.11,158.69.207.216,19,47894,9001,0x0303,0x303,14,TRUE,FALSE,13,15,1,579,2022-03-14 00:00:00 (UTC),2022-12-07 23:59:59 (UTC),www.p7a73jny75.com,1.2.840.113549.1.1.11,0xc030,13,,,,,www.2jf3om.com,83d60721ecc423892660e275acc4dffd
77,192.168.64.11,23.250.14.98,14,44450,443,0x0303,0x303,14,TRUE,FALSE,13,15,1,573,2022-06-26 00:00:00 (UTC),2022-07-21 23:59:59 (UTC),www.2irc7rvp.com,1.2.840.113549.1.1.11,0xc030,13,,,,,www.cxsjstdz4jslb5qedocf.com,83d60721ecc423892660e275acc4dffd
78,192.168.64.11,158.69.207.216,18,48168,9001,0x0303,0x303,14,TRUE,FALSE,13,15,1,579,2022-03-14 00:00:00 (UTC),2022-12-07 23:59:59 (UTC),www.p7a73jny75.com,1.2.840.113549.1.1.11,0xc030,13,,,,,www.oa2q7nyumj3ej6v.com,83d60721ecc423892660e275acc4dffd
79,192.168.64.11,85.195.208.19,36,53874,9001,0x0303,0x303,14,TRUE,FALSE,13,15,1,591,2022-05-30 00:00:00 (UTC),2023-04-14 00:00:00 (UTC),www.gebjf35sofpg7574j6.com,1.2.840.113549.1.1.11,0xc030,13,,,,,www.lsaa6njbvecq7iop.com,83d60721ecc423892660e275acc4dffd
80,192.168.64.11,23.250.14.98,19,44726,443,0x0303,0x303,14,TRUE,FALSE,13,15,1,573,2022-06-26 00:00:00 (UTC),2022-07-21 23:59:59 (UTC),www.2irc7rvp.com,1.2.840.113549.1.1.11,0xc030,13,,,,,www.swup5gtq7geeq.com,83d60721ecc423892660e275acc4dffd
81,192.168.64.11,158.69.207.216,24,47964,9001,0x0303,0x303,14,TRUE,FALSE,13,15,1,579,2022-03-14 00:00:00 (UTC),2022-12-07 23:59:59 (UTC),www.p7a73jny75.com,1.2.840.113549.1.1.11,0xc030,13,,,,,www.ojeldmpwv5ikgi3f7cn5rf.com,83d60721ecc423892660e275acc4dffd
82,192.168.64.11,23.250.14.98,19,44520,443,0x0303,0x303,14,TRUE,FALSE,13,15,1,573,2022-06-26 00:00:00 (UTC),2022-07-21 23:59:59 (UTC),www.2irc7rvp.com,1.2.840.113549.1.1.11,0xc030,13,,,,,www.4pho5mteryyfstqkm.com,83d60721ecc423892660e275acc4dffd
83,192.168.64.11,185.125.188.54,16,50864,443,0x0304,0x304,19,FALSE,FALSE,4,12,,,,,,,0x1302,46,,,,,api.snapcraft.io,df669e7ea913f1ac0c0cce9a201a2ec1
84,192.168.64.11,85.195.208.19,25,53674,9001,0x0303,0x303,14,TRUE,FALSE,13,15,1,591,2022-05-30 00:00:00 (UTC),2023-04-14 00:00:00 (UTC),www.gebjf35sofpg7574j6.com,1.2.840.113549.1.1.11,0xc030,13,,,,,www.bzvxkwwxl5bdmkrs2jnipaaf.com,83d60721ecc423892660e275acc4dffd
85,192.168.64.11,85.195.208.19,20,53968,9001,0x0303,0x303,14,TRUE,FALSE,13,15,1,591,2022-05-30 00:00:00 (UTC),2023-04-14 00:00:00 (UTC),www.gebjf35sofpg7574j6.com,1.2.840.113549.1.1.11,0xc030,13,,,,,www.nbhsg4mhfvw2qefmlkz.com,83d60721ecc423892660e275acc4dffd
86,192.168.64.11,158.69.207.216,36,48266,9001,0x0303,0x303,14,TRUE,FALSE,13,15,1,579,2022-03-14 00:00:00 (UTC),2022-12-07 23:59:59 (UTC),www.p7a73jny75.com,1.2.840.113549.1.1.11,0xc030,13,,,,,www.6ifxuzoaskjgnkzsxti5ftooi.com,83d60721ecc423892660e275acc4dffd
87,192.168.64.11,23.250.14.98,23,44828,443,0x0303,0x303,14,TRUE,FALSE,13,15,1,573,2022-06-26 00:00:00 (UTC),2022-07-21 23:59:59 (UTC),www.2irc7rvp.com,1.2.840.113549.1.1.11,0xc030,13,,,,,www.5uej.com,83d60721ecc423892660e275acc4dffd
88,192.168.64.11,85.195.208.19,37,53936,9001,0x0303,0x303,14,TRUE,FALSE,13,15,1,591,2022-05-30 00:00:00 (UTC),2023-04-14 00:00:00 (UTC),www.gebjf35sofpg7574j6.com,1.2.840.113549.1.1.11,0xc030,13,,,,,www.cqa2z55iofjusm3mjxjd64.com,83d60721ecc423892660e275acc4dffd
89,192.168.64.11,158.69.207.216,20,48240,9001,0x0303,0x303,14,TRUE,FALSE,13,15,1,579,2022-03-14 00:00:00 (UTC),2022-12-07 23:59:59 (UTC),www.p7a73jny75.com,1.2.840.113549.1.1.11,0xc030,13,,,,,www.g6bwybbcyuvcj.com,83d60721ecc423892660e275acc4dffd
90,192.168.64.11,23.250.14.98,13,44796,443,0x0303,0x303,14,TRUE,FALSE,13,15,1,573,2022-06-26 00:00:00 (UTC),2022-07-21 23:59:59 (UTC),www.2irc7rvp.com,1.2.840.113549.1.1.11,0xc030,13,,,,,www.62dgndrzz.com,83d60721ecc423892660e275acc4dffd
92,192.168.64.11,85.195.208.19,38,53606,9001,0x0303,0x303,14,TRUE,FALSE,13,15,1,591,2022-05-30 00:00:00 (UTC),2023-04-14 00:00:00 (UTC),www.gebjf35sofpg7574j6.com,1.2.840.113549.1.1.11,0xc030,13,,,,,www.74zpo.com,83d60721ecc423892660e275acc4dffd
91,192.168.64.11,23.250.14.98,39,44454,443,0x0303,0x303,14,TRUE,FALSE,13,15,1,573,2022-06-26 00:00:00 (UTC),2022-07-21 23:59:59 (UTC),www.2irc7rvp.com,1.2.840.113549.1.1.11,0xc030,13,,,,,www.gvm5pt6mvqz2.com,83d60721ecc423892660e275acc4dffd
93,192.168.64.11,158.69.207.216,25,47906,9001,0x0303,0x303,14,TRUE,FALSE,13,15,1,579,2022-03-14 00:00:00 (UTC),2022-12-07 23:59:59 (UTC),www.p7a73jny75.com,1.2.840.113549.1.1.11,0xc030,13,,,,,www.zi5256noc7sfibkrz7znt.com,83d60721ecc423892660e275acc4dffd
94,192.168.64.11,85.195.208.19,25,53778,9001,0x0303,0x303,14,TRUE,FALSE,13,15,1,591,2022-05-30 00:00:00 (UTC),2023-04-14 00:00:00 (UTC),www.gebjf35sofpg7574j6.com,1.2.840.113549.1.1.11,0xc030,13,,,,,www.vis45mz2dsfh24wnlpoat.com,83d60721ecc423892660e275acc4dffd
95,192.168.64.11,158.69.207.216,25,48076,9001,0x0303,0x303,14,TRUE,FALSE,13,15,1,579,2022-03-14 00:00:00 (UTC),2022-12-07 23:59:59 (UTC),www.p7a73jny75.com,1.2.840.113549.1.1.11,0xc030,13,,,,,www.74i3biwz5dhu7vzb3m77.com,83d60721ecc423892660e275acc4dffd
96,192.168.64.11,23.250.14.98,20,44638,443,0x0303,0x303,14,TRUE,FALSE,13,15,1,573,2022-06-26 00:00:00 (UTC),2022-07-21 23:59:59 (UTC),www.2irc7rvp.com,1.2.840.113549.1.1.11,0xc030,13,,,,,www.vv3l5e6ns5lor5d55j67hbm.com,83d60721ecc423892660e275acc4dffd
97,192.168.64.11,23.250.14.98,37,44802,443,0x0303,0x303,14,TRUE,FALSE,13,15,1,573,2022-06-26 00:00:00 (UTC),2022-07-21 23:59:59 (UTC),www.2irc7rvp.com,1.2.840.113549.1.1.11,0xc030,13,,,,,www.n2x4uzvptm4z3dfkacjtiixc.com,83d60721ecc423892660e275acc4dffd
98,192.168.64.11,85.195.208.19,19,53960,9001,0x0303,0x303,14,TRUE,FALSE,13,15,1,591,2022-05-30 00:00:00 (UTC),2023-04-14 00:00:00 (UTC),www.gebjf35sofpg7574j6.com,1.2.840.113549.1.1.11,0xc030,13,,,,,www.g47zvlkx33u.com,83d60721ecc423892660e275acc4dffd
99,192.168.64.11,158.69.207.216,13,48258,9001,0x0303,0x303,14,TRUE,FALSE,13,15,1,579,2022-03-14 00:00:00 (UTC),2022-12-07 23:59:59 (UTC),www.p7a73jny75.com,1.2.840.113549.1.1.11,0xc030,13,,,,,www.7wuxh46nzp5ofnmfp.com,83d60721ecc423892660e275acc4dffd
100,192.168.64.11,85.195.208.19,34,53904,9001,0x0303,0x303,14,TRUE,FALSE,13,15,1,591,2022-05-30 00:00:00 (UTC),2023-04-14 00:00:00 (UTC),www.gebjf35sofpg7574j6.com,1.2.840.113549.1.1.11,0xc030,13,,,,,www.5jsdh2qurvbvc3knkjaekmlue.com,83d60721ecc423892660e275acc4dffd
101,192.168.64.11,158.69.207.216,30,48208,9001,0x0303,0x303,14,TRUE,FALSE,13,15,1,579,2022-03-14 00:00:00 (UTC),2022-12-07 23:59:59 (UTC),www.p7a73jny75.com,1.2.840.113549.1.1.11,0xc030,13,,,,,www.ve2d7pp5se5w6nojhwi.com,83d60721ecc423892660e275acc4dffd
102,192.168.64.11,23.250.14.98,14,44764,443,0x0303,0x303,14,TRUE,FALSE,13,15,1,573,2022-06-26 00:00:00 (UTC),2022-07-21 23:59:59 (UTC),www.2irc7rvp.com,1.2.840.113549.1.1.11,0xc030,13,,,,,www.eni4p.com,83d60721ecc423892660e275acc4dffd
103,192.168.64.11,23.250.14.98,36,44536,443,0x0303,0x303,14,TRUE,FALSE,13,15,1,573,2022-06-26 00:00:00 (UTC),2022-07-21 23:59:59 (UTC),www.2irc7rvp.com,1.2.840.113549.1.1.11,0xc030,13,,,,,www.ihpif4pf.com,83d60721ecc423892660e275acc4dffd
104,192.168.64.11,158.69.207.216,25,47984,9001,0x0303,0x303,14,TRUE,FALSE,13,15,1,579,2022-03-14 00:00:00 (UTC),2022-12-07 23:59:59 (UTC),www.p7a73jny75.com,1.2.840.113549.1.1.11,0xc030,13,,,,,www.ci23upnouqx53j76xg.com,83d60721ecc423892660e275acc4dffd
105,192.168.64.11,85.195.208.19,32,53856,9001,0x0303,0x303,14,TRUE,FALSE,13,15,1,591,2022-05-30 00:00:00 (UTC),2023-04-14 00:00:00 (UTC),www.gebjf35sofpg7574j6.com,1.2.840.113549.1.1.11,0xc030,13,,,,,www.7jgoqe4whrg5rmpzxkbm.com,83d60721ecc423892660e275acc4dffd
106,192.168.64.11,158.69.207.216,25,48160,9001,0x0303,0x303,14,TRUE,FALSE,13,15,1,579,2022-03-14 00:00:00 (UTC),2022-12-07 23:59:59 (UTC),www.p7a73jny75.com,1.2.840.113549.1.1.11,0xc030,13,,,,,www.xero4pcttdgnz2z5.com,83d60721ecc423892660e275acc4dffd
107,192.168.64.11,23.250.14.98,13,44716,443,0x0303,0x303,14,TRUE,FALSE,13,15,1,573,2022-06-26 00:00:00 (UTC),2022-07-21 23:59:59 (UTC),www.2irc7rvp.com,1.2.840.113549.1.1.11,0xc030,13,,,,,www.2jg2hk3cae4gns.com,83d60721ecc423892660e275acc4dffd
108,192.168.64.11,158.69.207.216,36,48060,9001,0x0303,0x303,14,TRUE,FALSE,13,15,1,579,2022-03-14 00:00:00 (UTC),2022-12-07 23:59:59 (UTC),www.p7a73jny75.com,1.2.840.113549.1.1.11,0xc030,13,,,,,www.4l5iw4l7vf6xi3bquhdu6esr.com,83d60721ecc423892660e275acc4dffd
109,192.168.64.11,85.195.208.19,25,53766,9001,0x0303,0x303,14,TRUE,FALSE,13,15,1,591,2022-05-30 00:00:00 (UTC),2023-04-14 00:00:00 (UTC),www.gebjf35sofpg7574j6.com,1.2.840.113549.1.1.11,0xc030,13,,,,,www.vye4sec7iing3xrkh6h.com,83d60721ecc423892660e275acc4dffd
110,192.168.64.11,23.250.14.98,32,44598,443,0x0303,0x303,14,TRUE,FALSE,13,15,1,573,2022-06-26 00:00:00 (UTC),2022-07-21 23:59:59 (UTC),www.2irc7rvp.com,1.2.840.113549.1.1.11,0xc030,13,,,,,www.5lmkudpcit3rdqjlypfw.com,83d60721ecc423892660e275acc4dffd
111,192.168.64.11,85.195.208.19,13,53756,9001,0x0303,0x303,14,TRUE,FALSE,13,15,1,591,2022-05-30 00:00:00 (UTC),2023-04-14 00:00:00 (UTC),www.gebjf35sofpg7574j6.com,1.2.840.113549.1.1.11,0xc030,13,,,,,www.lkcptcgoget35wdzeb.com,83d60721ecc423892660e275acc4dffd
112,192.168.64.11,158.69.207.216,31,48054,9001,0x0303,0x303,14,TRUE,FALSE,13,15,1,579,2022-03-14 00:00:00 (UTC),2022-12-07 23:59:59 (UTC),www.p7a73jny75.com,1.2.840.113549.1.1.11,0xc030,13,,,,,www.vidv5o.com,83d60721ecc423892660e275acc4dffd
113,192.168.64.11,85.195.208.19,39,53654,9001,0x0303,0x303,14,TRUE,FALSE,13,15,1,591,2022-05-30 00:00:00 (UTC),2023-04-14 00:00:00 (UTC),www.gebjf35sofpg7574j6.com,1.2.840.113549.1.1.11,0xc030,13,,,,,www.43oaxrxsiao3g26fiqo.com,83d60721ecc423892660e275acc4dffd
114,192.168.64.11,158.69.207.216,26,47952,9001,0x0303,0x303,14,TRUE,FALSE,13,15,1,579,2022-03-14 00:00:00 (UTC),2022-12-07 23:59:59 (UTC),www.p7a73jny75.com,1.2.840.113549.1.1.11,0xc030,13,,,,,www.y2tx7krzb.com,83d60721ecc423892660e275acc4dffd
115,192.168.64.11,23.250.14.98,38,44848,443,0x0303,0x303,14,TRUE,FALSE,13,15,1,573,2022-06-26 00:00:00 (UTC),2022-07-21 23:59:59 (UTC),www.2irc7rvp.com,1.2.840.113549.1.1.11,0xc030,13,,,,,www.ncymqfeemp.com,83d60721ecc423892660e275acc4dffd
116,192.168.64.11,85.195.208.19,19,54006,9001,0x0303,0x303,14,TRUE,FALSE,13,15,1,591,2022-05-30 00:00:00 (UTC),2023-04-14 00:00:00 (UTC),www.gebjf35sofpg7574j6.com,1.2.840.113549.1.1.11,0xc030,13,,,,,www.zvwizo7.com,83d60721ecc423892660e275acc4dffd
117,192.168.64.11,158.69.207.216,13,48304,9001,0x0303,0x303,14,TRUE,FALSE,13,15,1,579,2022-03-14 00:00:00 (UTC),2022-12-07 23:59:59 (UTC),www.p7a73jny75.com,1.2.840.113549.1.1.11,0xc030,13,,,,,www.mh32iv3bl.com,83d60721ecc423892660e275acc4dffd
118,192.168.64.11,85.195.208.19,32,53700,9001,0x0303,0x303,14,TRUE,FALSE,13,15,1,591,2022-05-30 00:00:00 (UTC),2023-04-14 00:00:00 (UTC),www.gebjf35sofpg7574j6.com,1.2.840.113549.1.1.11,0xc030,13,,,,,www.lfkn5tns7lv.com,83d60721ecc423892660e275acc4dffd
119,192.168.64.11,23.250.14.98,14,44552,443,0x0303,0x303,14,TRUE,FALSE,13,15,1,573,2022-06-26 00:00:00 (UTC),2022-07-21 23:59:59 (UTC),www.2irc7rvp.com,1.2.840.113549.1.1.11,0xc030,13,,,,,www.v3defcud3xzpjdbmienjvnu5c.com,83d60721ecc423892660e275acc4dffd
120,192.168.64.11,158.69.207.216,25,48006,9001,0x0303,0x303,14,TRUE,FALSE,13,15,1,579,2022-03-14 00:00:00 (UTC),2022-12-07 23:59:59 (UTC),www.p7a73jny75.com,1.2.840.113549.1.1.11,0xc030,13,,,,,www.kkgssuop2a6kua4fh74ls7os.com,83d60721ecc423892660e275acc4dffd
121,192.168.64.11,23.250.14.98,39,44566,443,0x0303,0x303,14,TRUE,FALSE,13,15,1,573,2022-06-26 00:00:00 (UTC),2022-07-21 23:59:59 (UTC),www.2irc7rvp.com,1.2.840.113549.1.1.11,0xc030,13,,,,,www.od6q6j3sygtafaednye.com,83d60721ecc423892660e275acc4dffd
122,192.168.64.11,158.69.207.216,14,48020,9001,0x0303,0x303,14,TRUE,FALSE,13,15,1,579,2022-03-14 00:00:00 (UTC),2022-12-07 23:59:59 (UTC),www.p7a73jny75.com,1.2.840.113549.1.1.11,0xc030,13,,,,,www.oefrpzib6mne6dnggadz.com,83d60721ecc423892660e275acc4dffd
123,192.168.64.11,85.195.208.19,19,53726,9001,0x0303,0x303,14,TRUE,FALSE,13,15,1,591,2022-05-30 00:00:00 (UTC),2023-04-14 00:00:00 (UTC),www.gebjf35sofpg7574j6.com,1.2.840.113549.1.1.11,0xc030,13,,,,,www.f3h2yjdi7r6vodfcrh7.com,83d60721ecc423892660e275acc4dffd
124,192.168.64.11,85.195.208.19,31,53984,9001,0x0303,0x303,14,TRUE,FALSE,13,15,1,591,2022-05-30 00:00:00 (UTC),2023-04-14 00:00:00 (UTC),www.gebjf35sofpg7574j6.com,1.2.840.113549.1.1.11,0xc030,13,,,,,www.7sa3pzo2gircprxj5gvahuc.com,83d60721ecc423892660e275acc4dffd
125,192.168.64.11,23.250.14.98,31,44836,443,0x0303,0x303,14,TRUE,FALSE,13,15,1,573,2022-06-26 00:00:00 (UTC),2022-07-21 23:59:59 (UTC),www.2irc7rvp.com,1.2.840.113549.1.1.11,0xc030,13,,,,,www.245xvetgvy2edqt.com,83d60721ecc423892660e275acc4dffd
126,192.168.64.11,85.195.208.19,33,53732,9001,0x0303,0x303,14,TRUE,FALSE,13,15,1,591,2022-05-30 00:00:00 (UTC),2023-04-14 00:00:00 (UTC),www.gebjf35sofpg7574j6.com,1.2.840.113549.1.1.11,0xc030,13,,,,,www.rmre4decxjenlm2lkbc.com,83d60721ecc423892660e275acc4dffd
127,192.168.64.11,23.250.14.98,13,44590,443,0x0303,0x303,14,TRUE,FALSE,13,15,1,573,2022-06-26 00:00:00 (UTC),2022-07-21 23:59:59 (UTC),www.2irc7rvp.com,1.2.840.113549.1.1.11,0xc030,13,,,,,www.kj6wkgx6.com,83d60721ecc423892660e275acc4dffd
128,192.168.64.11,158.69.207.216,25,48038,9001,0x0303,0x303,14,TRUE,FALSE,13,15,1,579,2022-03-14 00:00:00 (UTC),2022-12-07 23:59:59 (UTC),www.p7a73jny75.com,1.2.840.113549.1.1.11,0xc030,13,,,,,www.d7ha5nbbdkpkhablj7l5ir5qy.com,83d60721ecc423892660e275acc4dffd
129,192.168.64.11,158.69.207.216,35,48216,9001,0x0303,0x303,14,TRUE,FALSE,13,15,1,579,2022-03-14 00:00:00 (UTC),2022-12-07 23:59:59 (UTC),www.p7a73jny75.com,1.2.840.113549.1.1.11,0xc030,13,,,,,www.cdpcrmces6odg6yugzly.com,83d60721ecc423892660e275acc4dffd
130,192.168.64.11,85.195.208.19,20,53928,9001,0x0303,0x303,14,TRUE,FALSE,13,15,1,591,2022-05-30 00:00:00 (UTC),2023-04-14 00:00:00 (UTC),www.gebjf35sofpg7574j6.com,1.2.840.113549.1.1.11,0xc030,13,,,,,www.whro5oeqc3ua2hub.com,83d60721ecc423892660e275acc4dffd
131,192.168.64.11,23.250.14.98,19,44780,443,0x0303,0x303,14,TRUE,FALSE,13,15,1,573,2022-06-26 00:00:00 (UTC),2022-07-21 23:59:59 (UTC),www.2irc7rvp.com,1.2.840.113549.1.1.11,0xc030,13,,,,,www.koelxa33iby3wibj3s3ip.com,83d60721ecc423892660e275acc4dffd
132,192.168.64.11,85.195.208.19,27,53824,9001,0x0303,0x303,14,TRUE,FALSE,13,15,1,591,2022-05-30 00:00:00 (UTC),2023-04-14 00:00:00 (UTC),www.gebjf35sofpg7574j6.com,1.2.840.113549.1.1.11,0xc030,13,,,,,www.twrw34.com,83d60721ecc423892660e275acc4dffd
133,192.168.64.11,158.69.207.216,31,48126,9001,0x0303,0x303,14,TRUE,FALSE,13,15,1,579,2022-03-14 00:00:00 (UTC),2022-12-07 23:59:59 (UTC),www.p7a73jny75.com,1.2.840.113549.1.1.11,0xc030,13,,,,,www.qohn3.com,83d60721ecc423892660e275acc4dffd
134,192.168.64.11,23.250.14.98,13,44684,443,0x0303,0x303,14,TRUE,FALSE,13,15,1,573,2022-06-26 00:00:00 (UTC),2022-07-21 23:59:59 (UTC),www.2irc7rvp.com,1.2.840.113549.1.1.11,0xc030,13,,,,,www.tykjw3zdjr3smcrep2gavqkn.com,83d60721ecc423892660e275acc4dffd
135,192.168.64.11,85.195.208.19,32,53808,9001,0x0303,0x303,14,TRUE,FALSE,13,15,1,591,2022-05-30 00:00:00 (UTC),2023-04-14 00:00:00 (UTC),www.gebjf35sofpg7574j6.com,1.2.840.113549.1.1.11,0xc030,13,,,,,www.zsvaiir4f2qkbfknroyrv.com,83d60721ecc423892660e275acc4dffd
136,192.168.64.11,23.250.14.98,14,44664,443,0x0303,0x303,14,TRUE,FALSE,13,15,1,573,2022-06-26 00:00:00 (UTC),2022-07-21 23:59:59 (UTC),www.2irc7rvp.com,1.2.840.113549.1.1.11,0xc030,13,,,,,www.rkk4x.com,83d60721ecc423892660e275acc4dffd
137,192.168.64.11,158.69.207.216,25,48114,9001,0x0303,0x303,14,TRUE,FALSE,13,15,1,579,2022-03-14 00:00:00 (UTC),2022-12-07 23:59:59 (UTC),www.p7a73jny75.com,1.2.840.113549.1.1.11,0xc030,13,,,,,www.bgaxshx3xme.com,83d60721ecc423892660e275acc4dffd
138,192.168.64.11,158.69.207.216,32,48184,9001,0x0303,0x303,14,TRUE,FALSE,13,15,1,579,2022-03-14 00:00:00 (UTC),2022-12-07 23:59:59 (UTC),www.p7a73jny75.com,1.2.840.113549.1.1.11,0xc030,13,,,,,www.3dk2cqxqj7iq.com,83d60721ecc423892660e275acc4dffd
139,192.168.64.11,23.250.14.98,25,44740,443,0x0303,0x303,14,TRUE,FALSE,13,15,1,573,2022-06-26 00:00:00 (UTC),2022-07-21 23:59:59 (UTC),www.2irc7rvp.com,1.2.840.113549.1.1.11,0xc030,13,,,,,www.sjh5nuy76w3nx.com,83d60721ecc423892660e275acc4dffd
140,192.168.64.11,85.195.208.19,14,53898,9001,0x0303,0x303,14,TRUE,FALSE,13,15,1,591,2022-05-30 00:00:00 (UTC),2023-04-14 00:00:00 (UTC),www.gebjf35sofpg7574j6.com,1.2.840.113549.1.1.11,0xc030,13,,,,,www.77yolfpu45tv2.com,83d60721ecc423892660e275acc4dffd
141,192.168.64.11,23.250.14.98,18,44470,443,0x0303,0x303,14,TRUE,FALSE,13,15,1,573,2022-06-26 00:00:00 (UTC),2022-07-21 23:59:59 (UTC),www.2irc7rvp.com,1.2.840.113549.1.1.11,0xc030,13,,,,,www.budae2riuidco3.com,83d60721ecc423892660e275acc4dffd
142,192.168.64.11,85.195.208.19,44,53624,9001,0x0303,0x303,14,TRUE,FALSE,13,15,1,591,2022-05-30 00:00:00 (UTC),2023-04-14 00:00:00 (UTC),www.gebjf35sofpg7574j6.com,1.2.840.113549.1.1.11,0xc030,13,,,,,www.en7zftv73d.com,83d60721ecc423892660e275acc4dffd
143,192.168.64.11,158.69.207.216,13,47928,9001,0x0303,0x303,14,TRUE,FALSE,13,15,1,579,2022-03-14 00:00:00 (UTC),2022-12-07 23:59:59 (UTC),www.p7a73jny75.com,1.2.840.113549.1.1.11,0xc030,13,,,,,www.tumcjxaaouxrklbdqiw6.com,83d60721ecc423892660e275acc4dffd
144,192.168.64.11,23.250.14.98,29,44644,443,0x0303,0x303,14,TRUE,FALSE,13,15,1,573,2022-06-26 00:00:00 (UTC),2022-07-21 23:59:59 (UTC),www.2irc7rvp.com,1.2.840.113549.1.1.11,0xc030,13,,,,,www.xptt4uot6cvuvhdvo.com,83d60721ecc423892660e275acc4dffd
145,192.168.64.11,85.195.208.19,31,53796,9001,0x0303,0x303,14,TRUE,FALSE,13,15,1,591,2022-05-30 00:00:00 (UTC),2023-04-14 00:00:00 (UTC),www.gebjf35sofpg7574j6.com,1.2.840.113549.1.1.11,0xc030,13,,,,,www.sexdk.com,83d60721ecc423892660e275acc4dffd
146,192.168.64.11,23.250.14.98,20,44488,443,0x0303,0x303,14,TRUE,FALSE,13,15,1,573,2022-06-26 00:00:00 (UTC),2022-07-21 23:59:59 (UTC),www.2irc7rvp.com,1.2.840.113549.1.1.11,0xc030,13,,,,,www.ovbilapgr.com,83d60721ecc423892660e275acc4dffd
147,192.168.64.11,158.69.207.216,19,47936,9001,0x0303,0x303,14,TRUE,FALSE,13,15,1,579,2022-03-14 00:00:00 (UTC),2022-12-07 23:59:59 (UTC),www.p7a73jny75.com,1.2.840.113549.1.1.11,0xc030,13,,,,,www.cai7cnjxhhue7w5w4.com,83d60721ecc423892660e275acc4dffd
148,192.168.64.11,85.195.208.19,18,53648,9001,0x0303,0x303,14,TRUE,FALSE,13,15,1,591,2022-05-30 00:00:00 (UTC),2023-04-14 00:00:00 (UTC),www.gebjf35sofpg7574j6.com,1.2.840.113549.1.1.11,0xc030,13,,,,,www.7hh3rbeo4ktoni2ha2oylm.com,83d60721ecc423892660e275acc4dffd
149,192.168.64.11,172.106.112.42,30,60316,443,0x0303,0x303,14,TRUE,FALSE,13,15,1,585,2022-06-11 00:00:00 (UTC),2023-01-17 00:00:00 (UTC),www.52ozqbaium.com,1.2.840.113549.1.1.11,0xc030,13,,,,,www.ysxfa6actal6.com,83d60721ecc423892660e275acc4dffd
150,192.168.64.11,95.216.33.58,31,42448,443,0x0303,0x303,14,TRUE,FALSE,13,15,1,580,2022-02-13 00:00:00 (UTC),2022-10-08 23:59:59 (UTC),www.hbxjbwgkv5osvf.com,1.2.840.113549.1.1.11,0xc030,13,,,,,www.jlwbt4ffofppp3zt7tfoxiqs.com,83d60721ecc423892660e275acc4dffd
151,192.168.64.11,95.216.33.58,29,42282,443,0x0303,0x303,14,TRUE,FALSE,13,15,1,580,2022-02-13 00:00:00 (UTC),2022-10-08 23:59:59 (UTC),www.hbxjbwgkv5osvf.com,1.2.840.113549.1.1.11,0xc030,13,,,,,www.snxtzc.com,83d60721ecc423892660e275acc4dffd
152,192.168.64.11,172.106.112.42,31,60154,443,0x0303,0x303,14,TRUE,FALSE,13,15,1,585,2022-06-11 00:00:00 (UTC),2023-01-17 00:00:00 (UTC),www.52ozqbaium.com,1.2.840.113549.1.1.11,0xc030,13,,,,,www.ei7ni.com,83d60721ecc423892660e275acc4dffd
153,192.168.64.11,95.216.33.58,36,42416,443,0x0303,0x303,14,TRUE,FALSE,13,15,1,580,2022-02-13 00:00:00 (UTC),2022-10-08 23:59:59 (UTC),www.hbxjbwgkv5osvf.com,1.2.840.113549.1.1.11,0xc030,13,,,,,www.lrojhfildf.com,83d60721ecc423892660e275acc4dffd
154,192.168.64.11,172.106.112.42,31,60288,443,0x0303,0x303,14,TRUE,FALSE,13,15,1,585,2022-06-11 00:00:00 (UTC),2023-01-17 00:00:00 (UTC),www.52ozqbaium.com,1.2.840.113549.1.1.11,0xc030,13,,,,,www.oyvxby6p7pg.com,83d60721ecc423892660e275acc4dffd
155,192.168.64.11,172.106.112.42,38,60090,443,0x0303,0x303,14,TRUE,FALSE,13,15,1,585,2022-06-11 00:00:00 (UTC),2023-01-17 00:00:00 (UTC),www.52ozqbaium.com,1.2.840.113549.1.1.11,0xc030,13,,,,,www.ltwtnzjaj.com,83d60721ecc423892660e275acc4dffd
156,192.168.64.11,95.216.33.58,19,42222,443,0x0303,0x303,14,TRUE,FALSE,13,15,1,580,2022-02-13 00:00:00 (UTC),2022-10-08 23:59:59 (UTC),www.hbxjbwgkv5osvf.com,1.2.840.113549.1.1.11,0xc030,13,,,,,www.nbot4jrlxmswm.com,83d60721ecc423892660e275acc4dffd
157,192.168.64.11,185.14.30.57,13,55838,9001,0x0303,0x303,14,TRUE,FALSE,13,15,1,588,2022-05-03 00:00:00 (UTC),2022-10-19 23:59:59 (UTC),www.x5hbco25yfkwd.com,1.2.840.113549.1.1.11,0xc030,13,,,,,www.xonwm2zg453nft4efjfl.com,83d60721ecc423892660e275acc4dffd
158,192.168.64.11,95.216.33.58,50,42356,443,0x0303,0x303,14,TRUE,FALSE,13,15,1,580,2022-02-13 00:00:00 (UTC),2022-10-08 23:59:59 (UTC),www.hbxjbwgkv5osvf.com,1.2.840.113549.1.1.11,0xc030,13,,,,,www.4ubxyh5z6c5g3k3.com,83d60721ecc423892660e275acc4dffd
159,192.168.64.11,185.14.30.57,13,55972,9001,0x0303,0x303,14,TRUE,FALSE,13,15,1,588,2022-05-03 00:00:00 (UTC),2022-10-19 23:59:59 (UTC),www.x5hbco25yfkwd.com,1.2.840.113549.1.1.11,0xc030,13,,,,,www.t6727blpucbqloqeqzhex3.com,83d60721ecc423892660e275acc4dffd
160,192.168.64.11,185.14.30.57,19,56098,9001,0x0303,0x303,14,TRUE,FALSE,13,15,1,588,2022-05-03 00:00:00 (UTC),2022-10-19 23:59:59 (UTC),www.x5hbco25yfkwd.com,1.2.840.113549.1.1.11,0xc030,13,,,,,www.a7hinmq4taraykrolrv.com,83d60721ecc423892660e275acc4dffd
161,192.168.64.11,95.216.33.58,14,42496,443,0x0303,0x303,14,TRUE,FALSE,13,15,1,580,2022-02-13 00:00:00 (UTC),2022-10-08 23:59:59 (UTC),www.hbxjbwgkv5osvf.com,1.2.840.113549.1.1.11,0xc030,13,,,,,www.rmfrau.com,83d60721ecc423892660e275acc4dffd
162,192.168.64.11,172.106.112.42,19,60370,443,0x0303,0x303,14,TRUE,FALSE,13,15,1,585,2022-06-11 00:00:00 (UTC),2023-01-17 00:00:00 (UTC),www.52ozqbaium.com,1.2.840.113549.1.1.11,0xc030,13,,,,,www.oyfbsgysnfnpibacr2tmadde.com,83d60721ecc423892660e275acc4dffd
163,192.168.64.11,95.216.33.58,17,42386,443,0x0303,0x303,14,TRUE,FALSE,13,15,1,580,2022-02-13 00:00:00 (UTC),2022-10-08 23:59:59 (UTC),www.hbxjbwgkv5osvf.com,1.2.840.113549.1.1.11,0xc030,13,,,,,www.wmg3bhul.com,83d60721ecc423892660e275acc4dffd
164,192.168.64.11,172.106.112.42,24,60258,443,0x0303,0x303,14,TRUE,FALSE,13,15,1,585,2022-06-11 00:00:00 (UTC),2023-01-17 00:00:00 (UTC),www.52ozqbaium.com,1.2.840.113549.1.1.11,0xc030,13,,,,,www.73qlzxatkpbvnwpjlrflqy.com,83d60721ecc423892660e275acc4dffd
165,192.168.64.11,185.14.30.57,13,56004,9001,0x0303,0x303,14,TRUE,FALSE,13,15,1,588,2022-05-03 00:00:00 (UTC),2022-10-19 23:59:59 (UTC),www.x5hbco25yfkwd.com,1.2.840.113549.1.1.11,0xc030,13,,,,,www.cp2lkw7ds63rbfdgjb2b54.com,83d60721ecc423892660e275acc4dffd
166,192.168.64.11,172.106.112.42,36,60330,443,0x0303,0x303,14,TRUE,FALSE,13,15,1,585,2022-06-11 00:00:00 (UTC),2023-01-17 00:00:00 (UTC),www.52ozqbaium.com,1.2.840.113549.1.1.11,0xc030,13,,,,,www.6k4tu563fxo3fni6zvr6yjfa.com,83d60721ecc423892660e275acc4dffd
167,192.168.64.11,185.14.30.57,25,56070,9001,0x0303,0x303,14,TRUE,FALSE,13,15,1,588,2022-05-03 00:00:00 (UTC),2022-10-19 23:59:59 (UTC),www.x5hbco25yfkwd.com,1.2.840.113549.1.1.11,0xc030,13,,,,,www.b6p34rzakwd3zqjcb6dbe3jm.com,83d60721ecc423892660e275acc4dffd
168,192.168.64.11,95.216.33.58,32,42204,443,0x0303,0x303,14,TRUE,FALSE,13,15,1,580,2022-02-13 00:00:00 (UTC),2022-10-08 23:59:59 (UTC),www.hbxjbwgkv5osvf.com,1.2.840.113549.1.1.11,0xc030,13,,,,,www.up7pxyghvcekzwne4dxzbu4.com,83d60721ecc423892660e275acc4dffd
169,192.168.64.11,172.106.112.42,25,60076,443,0x0303,0x303,14,TRUE,FALSE,13,15,1,585,2022-06-11 00:00:00 (UTC),2023-01-17 00:00:00 (UTC),www.52ozqbaium.com,1.2.840.113549.1.1.11,0xc030,13,,,,,www.qffpfmfbvuszipovzmnnwl.com,83d60721ecc423892660e275acc4dffd
170,192.168.64.11,185.14.30.57,13,55822,9001,0x0303,0x303,14,TRUE,FALSE,13,15,1,588,2022-05-03 00:00:00 (UTC),2022-10-19 23:59:59 (UTC),www.x5hbco25yfkwd.com,1.2.840.113549.1.1.11,0xc030,13,,,,,www.dgj6cgmrke.com,83d60721ecc423892660e275acc4dffd
171,192.168.64.11,172.106.112.42,35,60120,443,0x0303,0x303,14,TRUE,FALSE,13,15,1,585,2022-06-11 00:00:00 (UTC),2023-01-17 00:00:00 (UTC),www.52ozqbaium.com,1.2.840.113549.1.1.11,0xc030,13,,,,,www.vieuewg.com,83d60721ecc423892660e275acc4dffd
172,192.168.64.11,185.14.30.57,25,55860,9001,0x0303,0x303,14,TRUE,FALSE,13,15,1,588,2022-05-03 00:00:00 (UTC),2022-10-19 23:59:59 (UTC),www.x5hbco25yfkwd.com,1.2.840.113549.1.1.11,0xc030,13,,,,,www.siimxbtcewpe.com,83d60721ecc423892660e275acc4dffd
173,192.168.64.11,95.216.33.58,13,42260,443,0x0303,0x303,14,TRUE,FALSE,13,15,1,580,2022-02-13 00:00:00 (UTC),2022-10-08 23:59:59 (UTC),www.hbxjbwgkv5osvf.com,1.2.840.113549.1.1.11,0xc030,13,,,,,www.q6la2z76hxt5dj6mwd5o6zam.com,83d60721ecc423892660e275acc4dffd
174,192.168.64.11,95.216.33.58,42,42312,443,0x0303,0x303,14,TRUE,FALSE,13,15,1,580,2022-02-13 00:00:00 (UTC),2022-10-08 23:59:59 (UTC),www.hbxjbwgkv5osvf.com,1.2.840.113549.1.1.11,0xc030,13,,,,,www.d7twsrmwcwebdzvfnulb6ymv.com,83d60721ecc423892660e275acc4dffd
175,192.168.64.11,172.106.112.42,13,60190,443,0x0303,0x303,14,TRUE,FALSE,13,15,1,585,2022-06-11 00:00:00 (UTC),2023-01-17 00:00:00 (UTC),www.52ozqbaium.com,1.2.840.113549.1.1.11,0xc030,13,,,,,www.gp5kcdjwv5xzzeziuan.com,83d60721ecc423892660e275acc4dffd
176,192.168.64.11,185.14.30.57,13,55930,9001,0x0303,0x303,14,TRUE,FALSE,13,15,1,588,2022-05-03 00:00:00 (UTC),2022-10-19 23:59:59 (UTC),www.x5hbco25yfkwd.com,1.2.840.113549.1.1.11,0xc030,13,,,,,www.komno5ar66cch2lwcfyr7ec.com,83d60721ecc423892660e275acc4dffd
177,192.168.64.11,185.14.30.57,37,55764,9001,0x0303,0x303,14,TRUE,FALSE,13,15,1,588,2022-05-03 00:00:00 (UTC),2022-10-19 23:59:59 (UTC),www.x5hbco25yfkwd.com,1.2.840.113549.1.1.11,0xc030,13,,,,,www.fqhxbpna.com,83d60721ecc423892660e275acc4dffd
178,192.168.64.11,172.106.112.42,19,60032,443,0x0303,0x303,14,TRUE,FALSE,13,15,1,585,2022-06-11 00:00:00 (UTC),2023-01-17 00:00:00 (UTC),www.52ozqbaium.com,1.2.840.113549.1.1.11,0xc030,13,,,,,www.antac.com,83d60721ecc423892660e275acc4dffd
179,192.168.64.11,95.216.33.58,13,42166,443,0x0303,0x303,14,TRUE,FALSE,13,15,1,580,2022-02-13 00:00:00 (UTC),2022-10-08 23:59:59 (UTC),www.hbxjbwgkv5osvf.com,1.2.840.113549.1.1.11,0xc030,13,,,,,www.k4woe.com,83d60721ecc423892660e275acc4dffd
180,192.168.64.11,95.216.33.58,24,42474,443,0x0303,0x303,14,TRUE,FALSE,13,15,1,580,2022-02-13 00:00:00 (UTC),2022-10-08 23:59:59 (UTC),www.hbxjbwgkv5osvf.com,1.2.840.113549.1.1.11,0xc030,13,,,,,www.nlufrv6.com,83d60721ecc423892660e275acc4dffd
181,192.168.64.11,185.14.30.57,25,56084,9001,0x0303,0x303,14,TRUE,FALSE,13,15,1,588,2022-05-03 00:00:00 (UTC),2022-10-19 23:59:59 (UTC),www.x5hbco25yfkwd.com,1.2.840.113549.1.1.11,0xc030,13,,,,,www.ueaz6advek.com,83d60721ecc423892660e275acc4dffd
182,192.168.64.11,172.106.112.42,23,60354,443,0x0303,0x303,14,TRUE,FALSE,13,15,1,585,2022-06-11 00:00:00 (UTC),2023-01-17 00:00:00 (UTC),www.52ozqbaium.com,1.2.840.113549.1.1.11,0xc030,13,,,,,www.ir45tsg5jigt.com,83d60721ecc423892660e275acc4dffd
183,192.168.64.11,185.14.30.57,27,55874,9001,0x0303,0x303,14,TRUE,FALSE,13,15,1,588,2022-05-03 00:00:00 (UTC),2022-10-19 23:59:59 (UTC),www.x5hbco25yfkwd.com,1.2.840.113549.1.1.11,0xc030,13,,,,,www.bwdf.com,83d60721ecc423892660e275acc4dffd
184,192.168.64.11,95.216.33.58,13,42272,443,0x0303,0x303,14,TRUE,FALSE,13,15,1,580,2022-02-13 00:00:00 (UTC),2022-10-08 23:59:59 (UTC),www.hbxjbwgkv5osvf.com,1.2.840.113549.1.1.11,0xc030,13,,,,,www.2d252jqljhar5.com,83d60721ecc423892660e275acc4dffd
185,192.168.64.11,172.106.112.42,20,60146,443,0x0303,0x303,14,TRUE,FALSE,13,15,1,585,2022-06-11 00:00:00 (UTC),2023-01-17 00:00:00 (UTC),www.52ozqbaium.com,1.2.840.113549.1.1.11,0xc030,13,,,,,www.6y6hg5fu6l5k6kiu2b.com,83d60721ecc423892660e275acc4dffd
186,192.168.64.11,185.14.30.57,32,56114,9001,0x0303,0x303,14,TRUE,FALSE,13,15,1,588,2022-05-03 00:00:00 (UTC),2022-10-19 23:59:59 (UTC),www.x5hbco25yfkwd.com,1.2.840.113549.1.1.11,0xc030,13,,,,,www.bfs2.com,83d60721ecc423892660e275acc4dffd
187,192.168.64.11,172.106.112.42,19,60378,443,0x0303,0x303,14,TRUE,FALSE,13,15,1,585,2022-06-11 00:00:00 (UTC),2023-01-17 00:00:00 (UTC),www.52ozqbaium.com,1.2.840.113549.1.1.11,0xc030,13,,,,,www.hjmk27v462j5w.com,83d60721ecc423892660e275acc4dffd
188,192.168.64.11,95.216.33.58,20,42516,443,0x0303,0x303,14,TRUE,FALSE,13,15,1,580,2022-02-13 00:00:00 (UTC),2022-10-08 23:59:59 (UTC),www.hbxjbwgkv5osvf.com,1.2.840.113549.1.1.11,0xc030,13,,,,,www.r3f36.com,83d60721ecc423892660e275acc4dffd
189,192.168.64.11,172.106.112.42,26,60058,443,0x0303,0x303,14,TRUE,FALSE,13,15,1,585,2022-06-11 00:00:00 (UTC),2023-01-17 00:00:00 (UTC),www.52ozqbaium.com,1.2.840.113549.1.1.11,0xc030,13,,,,,www.igk4dzgpxw23hvspkv7zph.com,83d60721ecc423892660e275acc4dffd
190,192.168.64.11,95.216.33.58,14,42190,443,0x0303,0x303,14,TRUE,FALSE,13,15,1,580,2022-02-13 00:00:00 (UTC),2022-10-08 23:59:59 (UTC),www.hbxjbwgkv5osvf.com,1.2.840.113549.1.1.11,0xc030,13,,,,,www.vo6pmzxmofagadhu.com,83d60721ecc423892660e275acc4dffd
191,192.168.64.11,185.14.30.57,31,55806,9001,0x0303,0x303,14,TRUE,FALSE,13,15,1,588,2022-05-03 00:00:00 (UTC),2022-10-19 23:59:59 (UTC),www.x5hbco25yfkwd.com,1.2.840.113549.1.1.11,0xc030,13,,,,,www.exxbyl5xxneb3a.com,83d60721ecc423892660e275acc4dffd
192,192.168.64.11,172.106.112.42,48,60106,443,0x0303,0x303,14,TRUE,FALSE,13,15,1,585,2022-06-11 00:00:00 (UTC),2023-01-17 00:00:00 (UTC),www.52ozqbaium.com,1.2.840.113549.1.1.11,0xc030,13,,,,,www.zqwkkrggta5odtshm.com,83d60721ecc423892660e275acc4dffd
193,192.168.64.11,95.216.33.58,13,42244,443,0x0303,0x303,14,TRUE,FALSE,13,15,1,580,2022-02-13 00:00:00 (UTC),2022-10-08 23:59:59 (UTC),www.hbxjbwgkv5osvf.com,1.2.840.113549.1.1.11,0xc030,13,,,,,www.5g7fki7cumvx6ytmg72i722.com,83d60721ecc423892660e275acc4dffd
194,192.168.64.11,185.14.30.57,25,55950,9001,0x0303,0x303,14,TRUE,FALSE,13,15,1,588,2022-05-03 00:00:00 (UTC),2022-10-19 23:59:59 (UTC),www.x5hbco25yfkwd.com,1.2.840.113549.1.1.11,0xc030,13,,,,,www.6zirhxf5kxq6fvkma5jxxlh57.com,83d60721ecc423892660e275acc4dffd
195,192.168.64.11,172.106.112.42,37,60220,443,0x0303,0x303,14,TRUE,FALSE,13,15,1,585,2022-06-11 00:00:00 (UTC),2023-01-17 00:00:00 (UTC),www.52ozqbaium.com,1.2.840.113549.1.1.11,0xc030,13,,,,,www.lg3zj.com,83d60721ecc423892660e275acc4dffd
196,192.168.64.11,172.106.112.42,36,60166,443,0x0303,0x303,14,TRUE,FALSE,13,15,1,585,2022-06-11 00:00:00 (UTC),2023-01-17 00:00:00 (UTC),www.52ozqbaium.com,1.2.840.113549.1.1.11,0xc030,13,,,,,www.vwsmmli4vovkqps7gqa.com,83d60721ecc423892660e275acc4dffd
197,192.168.64.11,95.216.33.58,20,42298,443,0x0303,0x303,14,TRUE,FALSE,13,15,1,580,2022-02-13 00:00:00 (UTC),2022-10-08 23:59:59 (UTC),www.hbxjbwgkv5osvf.com,1.2.840.113549.1.1.11,0xc030,13,,,,,www.7wycqd.com,83d60721ecc423892660e275acc4dffd
198,192.168.64.11,185.14.30.57,13,55914,9001,0x0303,0x303,14,TRUE,FALSE,13,15,1,588,2022-05-03 00:00:00 (UTC),2022-10-19 23:59:59 (UTC),www.x5hbco25yfkwd.com,1.2.840.113549.1.1.11,0xc030,13,,,,,www.awxhb23z.com,83d60721ecc423892660e275acc4dffd
199,192.168.64.11,185.14.30.57,26,56038,9001,0x0303,0x303,14,TRUE,FALSE,13,15,1,588,2022-05-03 00:00:00 (UTC),2022-10-19 23:59:59 (UTC),www.x5hbco25yfkwd.com,1.2.840.113549.1.1.11,0xc030,13,,,,,www.oomlvy6r27hb.com,83d60721ecc423892660e275acc4dffd
200,192.168.64.11,172.106.112.42,31,60302,443,0x0303,0x303,14,TRUE,FALSE,13,15,1,585,2022-06-11 00:00:00 (UTC),2023-01-17 00:00:00 (UTC),www.52ozqbaium.com,1.2.840.113549.1.1.11,0xc030,13,,,,,www.gs5a.com,83d60721ecc423892660e275acc4dffd
201,192.168.64.11,95.216.33.58,13,42440,443,0x0303,0x303,14,TRUE,FALSE,13,15,1,580,2022-02-13 00:00:00 (UTC),2022-10-08 23:59:59 (UTC),www.hbxjbwgkv5osvf.com,1.2.840.113549.1.1.11,0xc030,13,,,,,www.kfs2o2ym3paob5.com,83d60721ecc423892660e275acc4dffd
202,192.168.64.11,185.14.30.57,21,55978,9001,0x0303,0x303,14,TRUE,FALSE,13,15,1,588,2022-05-03 00:00:00 (UTC),2022-10-19 23:59:59 (UTC),www.x5hbco25yfkwd.com,1.2.840.113549.1.1.11,0xc030,13,,,,,www.hg2mh7dkixrji5s4akq.com,83d60721ecc423892660e275acc4dffd
203,192.168.64.11,172.106.112.42,30,60246,443,0x0303,0x303,14,TRUE,FALSE,13,15,1,585,2022-06-11 00:00:00 (UTC),2023-01-17 00:00:00 (UTC),www.52ozqbaium.com,1.2.840.113549.1.1.11,0xc030,13,,,,,www.lo2luruytwzjfkbvn.com,83d60721ecc423892660e275acc4dffd
204,192.168.64.11,95.216.33.58,25,42380,443,0x0303,0x303,14,TRUE,FALSE,13,15,1,580,2022-02-13 00:00:00 (UTC),2022-10-08 23:59:59 (UTC),www.hbxjbwgkv5osvf.com,1.2.840.113549.1.1.11,0xc030,13,,,,,www.cnj2p.com,83d60721ecc423892660e275acc4dffd
205,192.168.64.11,185.14.30.57,27,55936,9001,0x0303,0x303,14,TRUE,FALSE,13,15,1,588,2022-05-03 00:00:00 (UTC),2022-10-19 23:59:59 (UTC),www.x5hbco25yfkwd.com,1.2.840.113549.1.1.11,0xc030,13,,,,,www.qgshhuse3rtga4v.com,83d60721ecc423892660e275acc4dffd
206,192.168.64.11,95.216.33.58,37,42334,443,0x0303,0x303,14,TRUE,FALSE,13,15,1,580,2022-02-13 00:00:00 (UTC),2022-10-08 23:59:59 (UTC),www.hbxjbwgkv5osvf.com,1.2.840.113549.1.1.11,0xc030,13,,,,,www.yj6ed22ibplcd27nheg6zw.com,83d60721ecc423892660e275acc4dffd
207,192.168.64.11,185.14.30.57,49,56010,9001,0x0303,0x303,14,TRUE,FALSE,13,15,1,588,2022-05-03 00:00:00 (UTC),2022-10-19 23:59:59 (UTC),www.x5hbco25yfkwd.com,1.2.840.113549.1.1.11,0xc030,13,,,,,www.tyeev232d3wre.com,83d60721ecc423892660e275acc4dffd
208,192.168.64.11,95.216.33.58,14,42410,443,0x0303,0x303,14,TRUE,FALSE,13,15,1,580,2022-02-13 00:00:00 (UTC),2022-10-08 23:59:59 (UTC),www.hbxjbwgkv5osvf.com,1.2.840.113549.1.1.11,0xc030,13,,,,,www.ttga74e6fi7uhgl7ijk7ojxd.com,83d60721ecc423892660e275acc4dffd
209,192.168.64.11,172.106.112.42,36,60042,443,0x0303,0x303,14,TRUE,FALSE,13,15,1,585,2022-06-11 00:00:00 (UTC),2023-01-17 00:00:00 (UTC),www.52ozqbaium.com,1.2.840.113549.1.1.11,0xc030,13,,,,,www.m3j6zic.com,83d60721ecc423892660e275acc4dffd
210,192.168.64.11,185.14.30.57,15,55782,9001,0x0303,0x303,14,TRUE,FALSE,13,15,1,588,2022-05-03 00:00:00 (UTC),2022-10-19 23:59:59 (UTC),www.x5hbco25yfkwd.com,1.2.840.113549.1.1.11,0xc030,13,,,,,www.xih7pnsqiw4rdiolqj.com,83d60721ecc423892660e275acc4dffd
211,192.168.64.11,95.216.33.58,19,42182,443,0x0303,0x303,14,TRUE,FALSE,13,15,1,580,2022-02-13 00:00:00 (UTC),2022-10-08 23:59:59 (UTC),www.hbxjbwgkv5osvf.com,1.2.840.113549.1.1.11,0xc030,13,,,,,www.scbdy5mi4o3odvynnhehfmemc.com,83d60721ecc423892660e275acc4dffd